image,ALB,BET,DOL,LAG,NoF,OTHER,SHARK,YFT,correct_prediction
img_07617.jpg,0.99,0.0,0.0,0.0,0.0,0.0,0.0,0.0,1
img_04908.jpg,0.0,0.0,0.0,0.0,0.0,0.0,0.0,0.99,1
img_03940.jpg,0.0,0.0,0.0,0.99,0.0,0.0,0.0,0.0,1
img_04636.jpg,0.0,0.0,0.0,0.0,0.0,0.99,0.0,0.0,1
img_07772.jpg,0.99,0.0,0.0,0.0,0.0,0.0,0.0,0.0,1
img_03174.jpg,0.0,0.0,0.0,0.0,0.99,0.0,0.0,0.0,1
img_04759.jpg,0.0,0.0,0.0,0.0,0.0,0.0,0.0,0.99,1
img_06804.jpg,0.99,0.0,0.0,0.0,0.0,0.0,0.0,0.0,1
img_03323.jpg,0.99,0.0,0.0,0.0,0.0,0.0,0.0,0.0,1
img_05123.jpg,0.0,0.0,0.0,0.99,0.0,0.0,0.0,0.0,1
img_00105.jpg,0.0,0.0,0.0,0.0,0.99,0.0,0.0,0.0,1
img_04859.jpg,0.0,0.0,0.0,0.0,0.0,0.0,0.0,0.99,1
img_03158.jpg,0.0,0.0,0.0,0.0,0.99,0.0,0.0,0.0,1
img_03536.jpg,0.0,0.0,0.0,0.0,0.99,0.0,0.0,0.0,1
img_06293.jpg,0.99,0.0,0.0,0.0,0.0,0.0,0.0,0.0,1
img_07579.jpg,0.0,0.99,0.0,0.0,0.0,0.0,0.0,0.0,1
img_05275.jpg,0.99,0.0,0.0,0.0,0.0,0.0,0.0,0.0,1
img_05287.jpg,0.0,0.0,0.0,0.0,0.0,0.99,0.0,0.0,1
img_06156.jpg,0.0,0.0,0.0,0.0,0.0,0.0,0.0,0.99,1
img_05172.jpg,0.0,0.0,0.0,0.0,0.0,0.0,0.0,0.99,1
img_02485.jpg,0.0,0.0,0.0,0.0,0.0,0.0,0.0,0.99,1
img_05159.jpg,0.99,0.0,0.0,0.0,0.0,0.0,0.0,0.0,1
img_03186.jpg,0.0,0.0,0.0,0.0,0.99,0.0,0.0,0.0,1
img_05546.jpg,0.0,0.0,0.0,0.0,0.0,0.99,0.0,0.0,1
img_07462.jpg,0.0,0.0,0.0,0.0,0.0,0.0,0.0,0.99,1
img_03015.jpg,0.0,0.0,0.0,0.0,0.0,0.0,0.0,0.99,1
img_06006.jpg,0.0,0.0,0.0,0.0,0.0,0.0,0.99,0.0,1
img_02480.jpg,0.99,0.0,0.0,0.0,0.0,0.0,0.0,0.0,1
img_03775.jpg,0.99,0.0,0.0,0.0,0.0,0.0,0.0,0.0,1
img_05708.jpg,0.0,0.0,0.0,0.0,0.0,0.0,0.0,0.99,1
img_06593.jpg,0.0,0.0,0.0,0.0,0.0,0.0,0.0,0.99,1
img_05227.jpg,0.99,0.0,0.0,0.0,0.0,0.0,0.0,0.0,1
img_07837.jpg,0.0,0.0,0.0,0.0,0.99,0.0,0.0,0.0,1
img_03583.jpg,0.0,0.0,0.0,0.0,0.99,0.0,0.0,0.0,1
img_04308.jpg,0.99,0.0,0.0,0.0,0.0,0.0,0.0,0.0,1
img_02905.jpg,0.0,0.0,0.0,0.0,0.0,0.0,0.0,0.99,1
img_02724.jpg,0.99,0.0,0.0,0.0,0.0,0.0,0.0,0.0,1
img_05542.jpg,0.0,0.0,0.0,0.0,0.99,0.0,0.0,0.0,1
img_00228.jpg,0.99,0.0,0.0,0.0,0.0,0.0,0.0,0.0,1
img_06135.jpg,0.99,0.0,0.0,0.0,0.0,0.0,0.0,0.0,1
img_01628.jpg,0.0,0.0,0.99,0.0,0.0,0.0,0.0,0.0,1
img_00301.jpg,0.99,0.0,0.0,0.0,0.0,0.0,0.0,0.0,1
img_03746.jpg,0.99,0.0,0.0,0.0,0.0,0.0,0.0,0.0,1
img_03263.jpg,0.99,0.0,0.0,0.0,0.0,0.0,0.0,0.0,1
img_01196.jpg,0.99,0.0,0.0,0.0,0.0,0.0,0.0,0.0,1
img_02420.jpg,0.99,0.0,0.0,0.0,0.0,0.0,0.0,0.0,1
img_07768.jpg,0.99,0.0,0.0,0.0,0.0,0.0,0.0,0.0,1
img_05408.jpg,0.99,0.0,0.0,0.0,0.0,0.0,0.0,0.0,1
img_04987.jpg,0.99,0.0,0.0,0.0,0.0,0.0,0.0,0.0,1
img_01741.jpg,0.99,0.0,0.0,0.0,0.0,0.0,0.0,0.0,1
img_05089.jpg,0.99,0.0,0.0,0.0,0.0,0.0,0.0,0.0,1
img_02787.jpg,0.0,0.0,0.0,0.0,0.0,0.0,0.0,0.99,1
img_00827.jpg,0.0,0.0,0.0,0.0,0.0,0.0,0.0,0.99,1
img_02047.jpg,0.99,0.0,0.0,0.0,0.0,0.0,0.0,0.0,1
img_03340.jpg,0.0,0.0,0.0,0.0,0.0,0.0,0.0,0.99,1
img_03686.jpg,0.99,0.0,0.0,0.0,0.0,0.0,0.0,0.0,1
img_05482.jpg,0.99,0.0,0.0,0.0,0.0,0.0,0.0,0.0,1
img_04824.jpg,0.0,0.0,0.99,0.0,0.0,0.0,0.0,0.0,1
img_03409.jpg,0.0,0.0,0.99,0.0,0.0,0.0,0.0,0.0,1
img_02292.jpg,0.99,0.0,0.0,0.0,0.0,0.0,0.0,0.0,1
img_01336.jpg,0.99,0.0,0.0,0.0,0.0,0.0,0.0,0.0,1
img_00807.jpg,0.0,0.0,0.0,0.0,0.0,0.0,0.0,0.99,1
img_05695.jpg,0.0,0.0,0.0,0.0,0.0,0.0,0.0,0.99,1
img_03622.jpg,0.0,0.0,0.0,0.0,0.0,0.0,0.0,0.99,1
img_00891.jpg,0.0,0.0,0.0,0.0,0.0,0.0,0.0,0.99,1
img_07775.jpg,0.0,0.0,0.0,0.0,0.0,0.0,0.0,0.99,1
img_03048.jpg,0.0,0.0,0.0,0.0,0.99,0.0,0.0,0.0,1
img_04633.jpg,0.99,0.0,0.0,0.0,0.0,0.0,0.0,0.0,1
img_06007.jpg,0.0,0.0,0.0,0.0,0.99,0.0,0.0,0.0,1
img_04626.jpg,0.0,0.0,0.0,0.0,0.0,0.0,0.0,0.99,1
img_02610.jpg,0.99,0.0,0.0,0.0,0.0,0.0,0.0,0.0,1
img_00522.jpg,0.0,0.0,0.0,0.0,0.0,0.0,0.0,0.99,1
img_06329.jpg,0.0,0.0,0.0,0.0,0.99,0.0,0.0,0.0,1
img_03486.jpg,0.99,0.0,0.0,0.0,0.0,0.0,0.0,0.0,1
img_03112.jpg,0.99,0.0,0.0,0.0,0.0,0.0,0.0,0.0,1
img_02134.jpg,0.99,0.0,0.0,0.0,0.0,0.0,0.0,0.0,1
img_01143.jpg,0.0,0.0,0.0,0.0,0.0,0.0,0.0,0.99,1
img_03485.jpg,0.0,0.0,0.0,0.0,0.0,0.0,0.0,0.99,1
img_01323.jpg,0.0,0.0,0.0,0.0,0.0,0.0,0.0,0.99,1
img_03604.jpg,0.0,0.0,0.0,0.0,0.0,0.0,0.0,0.99,1
img_01556.jpg,0.99,0.0,0.0,0.0,0.0,0.0,0.0,0.0,1
img_06906.jpg,0.99,0.0,0.0,0.0,0.0,0.0,0.0,0.0,1
img_07334.jpg,0.0,0.0,0.0,0.99,0.0,0.0,0.0,0.0,1
img_03567.jpg,0.0,0.0,0.0,0.0,0.0,0.0,0.0,0.99,1
img_03819.jpg,0.0,0.0,0.0,0.0,0.0,0.0,0.0,0.99,1
img_05507.jpg,0.99,0.0,0.0,0.0,0.0,0.0,0.0,0.0,1
img_01028.jpg,0.99,0.0,0.0,0.0,0.0,0.0,0.0,0.0,1
img_01709.jpg,0.0,0.0,0.0,0.0,0.0,0.0,0.0,0.99,1
img_03599.jpg,0.99,0.0,0.0,0.0,0.0,0.0,0.0,0.0,1
img_05550.jpg,0.99,0.0,0.0,0.0,0.0,0.0,0.0,0.0,1
img_04572.jpg,0.99,0.0,0.0,0.0,0.0,0.0,0.0,0.0,1
img_01040.jpg,0.0,0.0,0.0,0.0,0.99,0.0,0.0,0.0,1
img_02360.jpg,0.0,0.0,0.0,0.0,0.0,0.99,0.0,0.0,1
img_03787.jpg,0.0,0.0,0.0,0.0,0.0,0.0,0.0,0.99,1
img_02273.jpg,0.99,0.0,0.0,0.0,0.0,0.0,0.0,0.0,1
img_04848.jpg,0.99,0.0,0.0,0.0,0.0,0.0,0.0,0.0,1
img_04016.jpg,0.99,0.0,0.0,0.0,0.0,0.0,0.0,0.0,1
img_02404.jpg,0.99,0.0,0.0,0.0,0.0,0.0,0.0,0.0,1
img_00770.jpg,0.0,0.0,0.99,0.0,0.0,0.0,0.0,0.0,1
img_05383.jpg,0.99,0.0,0.0,0.0,0.0,0.0,0.0,0.0,1
img_05400.jpg,0.0,0.0,0.0,0.0,0.0,0.0,0.0,0.99,1
img_05706.jpg,0.0,0.0,0.0,0.0,0.0,0.0,0.0,0.99,1
img_00074.jpg,0.99,0.0,0.0,0.0,0.0,0.0,0.0,0.0,1
img_05990.jpg,0.99,0.0,0.0,0.0,0.0,0.0,0.0,0.0,1
img_05347.jpg,0.0,0.0,0.0,0.0,0.0,0.0,0.0,0.99,1
img_02267.jpg,0.0,0.0,0.99,0.0,0.0,0.0,0.0,0.0,1
img_04713.jpg,0.99,0.0,0.0,0.0,0.0,0.0,0.0,0.0,1
img_07503.jpg,0.0,0.0,0.0,0.0,0.0,0.99,0.0,0.0,1
img_03849.jpg,0.0,0.0,0.0,0.0,0.99,0.0,0.0,0.0,1
img_03453.jpg,0.0,0.99,0.0,0.0,0.0,0.0,0.0,0.0,1
img_01329.jpg,0.0,0.0,0.0,0.0,0.0,0.0,0.0,0.99,1
img_05815.jpg,0.99,0.0,0.0,0.0,0.0,0.0,0.0,0.0,1
img_00239.jpg,0.99,0.0,0.0,0.0,0.0,0.0,0.0,0.0,1
img_01219.jpg,0.0,0.0,0.0,0.0,0.99,0.0,0.0,0.0,1
img_00284.jpg,0.0,0.0,0.0,0.0,0.0,0.0,0.0,0.99,1
img_06900.jpg,0.99,0.0,0.0,0.0,0.0,0.0,0.0,0.0,1
img_03327.jpg,0.0,0.0,0.0,0.0,0.0,0.0,0.0,0.99,1
img_01787.jpg,0.0,0.0,0.0,0.0,0.99,0.0,0.0,0.0,1
img_02371.jpg,0.0,0.0,0.0,0.0,0.0,0.0,0.0,0.99,1
img_00447.jpg,0.99,0.0,0.0,0.0,0.0,0.0,0.0,0.0,1
img_02731.jpg,0.0,0.0,0.0,0.0,0.99,0.0,0.0,0.0,1
img_02262.jpg,0.0,0.0,0.0,0.0,0.0,0.0,0.0,0.99,1
img_01957.jpg,0.0,0.0,0.0,0.0,0.0,0.99,0.0,0.0,1
img_07003.jpg,0.0,0.0,0.0,0.0,0.0,0.0,0.99,0.0,1
img_01110.jpg,0.99,0.0,0.0,0.0,0.0,0.0,0.0,0.0,1
img_07414.jpg,0.0,0.0,0.0,0.0,0.0,0.0,0.99,0.0,1
img_00253.jpg,0.0,0.0,0.0,0.0,0.0,0.0,0.0,0.99,1
img_07392.jpg,0.0,0.0,0.0,0.0,0.0,0.0,0.99,0.0,1
img_06087.jpg,0.0,0.0,0.0,0.0,0.0,0.99,0.0,0.0,1
img_04768.jpg,0.0,0.0,0.0,0.0,0.0,0.0,0.0,0.99,1
img_07378.jpg,0.0,0.99,0.0,0.0,0.0,0.0,0.0,0.0,1
img_04394.jpg,0.0,0.0,0.0,0.0,0.0,0.0,0.0,0.99,1
img_01087.jpg,0.0,0.0,0.0,0.0,0.0,0.0,0.0,0.99,1
img_03646.jpg,0.0,0.0,0.0,0.0,0.0,0.99,0.0,0.0,1
img_05860.jpg,0.0,0.0,0.0,0.0,0.0,0.99,0.0,0.0,1
img_04361.jpg,0.99,0.0,0.0,0.0,0.0,0.0,0.0,0.0,1
img_00391.jpg,0.0,0.0,0.0,0.0,0.0,0.0,0.99,0.0,1
img_01074.jpg,0.99,0.0,0.0,0.0,0.0,0.0,0.0,0.0,1
img_00815.jpg,0.0,0.0,0.0,0.0,0.0,0.0,0.0,0.99,1
img_02149.jpg,0.0,0.0,0.0,0.0,0.0,0.0,0.0,0.99,1
img_04855.jpg,0.0,0.0,0.0,0.0,0.0,0.0,0.99,0.0,1
img_03489.jpg,0.0,0.0,0.0,0.0,0.99,0.0,0.0,0.0,1
img_05561.jpg,0.0,0.99,0.0,0.0,0.0,0.0,0.0,0.0,1
img_01225.jpg,0.99,0.0,0.0,0.0,0.0,0.0,0.0,0.0,1
img_07735.jpg,0.99,0.0,0.0,0.0,0.0,0.0,0.0,0.0,1
img_01690.jpg,0.99,0.0,0.0,0.0,0.0,0.0,0.0,0.0,1
img_02470.jpg,0.99,0.0,0.0,0.0,0.0,0.0,0.0,0.0,1
img_07510.jpg,0.0,0.0,0.0,0.0,0.0,0.0,0.0,0.99,1
img_05734.jpg,0.99,0.0,0.0,0.0,0.0,0.0,0.0,0.0,1
img_05986.jpg,0.0,0.99,0.0,0.0,0.0,0.0,0.0,0.0,1
img_01610.jpg,0.0,0.0,0.0,0.0,0.0,0.0,0.0,0.99,1
img_04385.jpg,0.0,0.0,0.99,0.0,0.0,0.0,0.0,0.0,1
img_04057.jpg,0.0,0.0,0.0,0.0,0.0,0.99,0.0,0.0,1
img_05810.jpg,0.99,0.0,0.0,0.0,0.0,0.0,0.0,0.0,1
img_03301.jpg,0.0,0.0,0.0,0.0,0.0,0.0,0.0,0.99,1
img_06163.jpg,0.0,0.0,0.0,0.0,0.0,0.0,0.99,0.0,1
img_04028.jpg,0.0,0.99,0.0,0.0,0.0,0.0,0.0,0.0,1
img_01127.jpg,0.99,0.0,0.0,0.0,0.0,0.0,0.0,0.0,1
img_00756.jpg,0.99,0.0,0.0,0.0,0.0,0.0,0.0,0.0,1
img_07473.jpg,0.0,0.0,0.0,0.0,0.0,0.0,0.99,0.0,1
img_03556.jpg,0.99,0.0,0.0,0.0,0.0,0.0,0.0,0.0,1
img_07369.jpg,0.0,0.0,0.0,0.0,0.0,0.0,0.0,0.99,1
img_01478.jpg,0.99,0.0,0.0,0.0,0.0,0.0,0.0,0.0,1
img_04972.jpg,0.0,0.99,0.0,0.0,0.0,0.0,0.0,0.0,1
img_05821.jpg,0.99,0.0,0.0,0.0,0.0,0.0,0.0,0.0,1
img_07588.jpg,0.0,0.0,0.0,0.0,0.0,0.0,0.0,0.99,1
img_02205.jpg,0.99,0.0,0.0,0.0,0.0,0.0,0.0,0.0,1
img_01942.jpg,0.0,0.0,0.0,0.0,0.0,0.0,0.99,0.0,1
img_02716.jpg,0.0,0.0,0.0,0.0,0.99,0.0,0.0,0.0,1
img_06871.jpg,0.0,0.0,0.0,0.0,0.99,0.0,0.0,0.0,1
img_01934.jpg,0.99,0.0,0.0,0.0,0.0,0.0,0.0,0.0,1
img_03908.jpg,0.0,0.0,0.0,0.0,0.99,0.0,0.0,0.0,1
img_07136.jpg,0.99,0.0,0.0,0.0,0.0,0.0,0.0,0.0,1
img_03076.jpg,0.0,0.0,0.0,0.0,0.0,0.99,0.0,0.0,1
img_05093.jpg,0.99,0.0,0.0,0.0,0.0,0.0,0.0,0.0,1
img_03021.jpg,0.99,0.0,0.0,0.0,0.0,0.0,0.0,0.0,1
img_06120.jpg,0.0,0.0,0.0,0.0,0.99,0.0,0.0,0.0,1
img_04956.jpg,0.0,0.0,0.0,0.0,0.99,0.0,0.0,0.0,1
img_00443.jpg,0.0,0.99,0.0,0.0,0.0,0.0,0.0,0.0,1
img_04513.jpg,0.99,0.0,0.0,0.0,0.0,0.0,0.0,0.0,1
img_05153.jpg,0.99,0.0,0.0,0.0,0.0,0.0,0.0,0.0,1
img_04965.jpg,0.99,0.0,0.0,0.0,0.0,0.0,0.0,0.0,1
img_06636.jpg,0.0,0.99,0.0,0.0,0.0,0.0,0.0,0.0,1
img_00352.jpg,0.0,0.0,0.99,0.0,0.0,0.0,0.0,0.0,1
img_05787.jpg,0.0,0.0,0.0,0.0,0.0,0.0,0.0,0.99,1
img_06262.jpg,0.0,0.0,0.0,0.0,0.0,0.0,0.0,0.99,1
img_01728.jpg,0.99,0.0,0.0,0.0,0.0,0.0,0.0,0.0,1
img_06566.jpg,0.99,0.0,0.0,0.0,0.0,0.0,0.0,0.0,1
img_04817.jpg,0.0,0.0,0.0,0.0,0.0,0.0,0.0,0.99,1
img_04819.jpg,0.0,0.0,0.0,0.0,0.0,0.0,0.99,0.0,1
img_05048.jpg,0.0,0.0,0.0,0.0,0.0,0.0,0.0,0.99,1
img_07536.jpg,0.0,0.0,0.0,0.0,0.0,0.99,0.0,0.0,1
img_02220.jpg,0.0,0.0,0.0,0.0,0.0,0.0,0.0,0.99,1
img_02737.jpg,0.99,0.0,0.0,0.0,0.0,0.0,0.0,0.0,1
img_01454.jpg,0.99,0.0,0.0,0.0,0.0,0.0,0.0,0.0,1
img_02805.jpg,0.0,0.0,0.0,0.0,0.99,0.0,0.0,0.0,1
img_03330.jpg,0.0,0.0,0.0,0.0,0.99,0.0,0.0,0.0,1
img_04008.jpg,0.99,0.0,0.0,0.0,0.0,0.0,0.0,0.0,1
img_00158.jpg,0.0,0.99,0.0,0.0,0.0,0.0,0.0,0.0,1
img_01482.jpg,0.99,0.0,0.0,0.0,0.0,0.0,0.0,0.0,1
img_05164.jpg,0.0,0.99,0.0,0.0,0.0,0.0,0.0,0.0,1
img_01340.jpg,0.0,0.0,0.0,0.0,0.0,0.0,0.0,0.99,1
img_00918.jpg,0.0,0.0,0.99,0.0,0.0,0.0,0.0,0.0,1
img_07751.jpg,0.0,0.0,0.0,0.0,0.0,0.99,0.0,0.0,1
img_01929.jpg,0.99,0.0,0.0,0.0,0.0,0.0,0.0,0.0,1
img_00183.jpg,0.0,0.0,0.0,0.0,0.0,0.99,0.0,0.0,1
img_02658.jpg,0.99,0.0,0.0,0.0,0.0,0.0,0.0,0.0,1
img_04737.jpg,0.99,0.0,0.0,0.0,0.0,0.0,0.0,0.0,1
img_01038.jpg,0.99,0.0,0.0,0.0,0.0,0.0,0.0,0.0,1
img_02541.jpg,0.0,0.0,0.0,0.0,0.0,0.99,0.0,0.0,1
img_00721.jpg,0.0,0.0,0.0,0.0,0.0,0.99,0.0,0.0,1
img_01241.jpg,0.0,0.0,0.0,0.0,0.0,0.0,0.0,0.99,1
img_02324.jpg,0.99,0.0,0.0,0.0,0.0,0.0,0.0,0.0,1
img_00211.jpg,0.99,0.0,0.0,0.0,0.0,0.0,0.0,0.0,1
img_06776.jpg,0.0,0.99,0.0,0.0,0.0,0.0,0.0,0.0,1
img_00928.jpg,0.99,0.0,0.0,0.0,0.0,0.0,0.0,0.0,1
img_02940.jpg,0.99,0.0,0.0,0.0,0.0,0.0,0.0,0.0,1
img_04147.jpg,0.99,0.0,0.0,0.0,0.0,0.0,0.0,0.0,1
img_05225.jpg,0.99,0.0,0.0,0.0,0.0,0.0,0.0,0.0,1
img_06568.jpg,0.99,0.0,0.0,0.0,0.0,0.0,0.0,0.0,1
img_00490.jpg,0.99,0.0,0.0,0.0,0.0,0.0,0.0,0.0,1
img_04040.jpg,0.99,0.0,0.0,0.0,0.0,0.0,0.0,0.0,1
img_05360.jpg,0.0,0.0,0.0,0.0,0.99,0.0,0.0,0.0,1
img_01638.jpg,0.99,0.0,0.0,0.0,0.0,0.0,0.0,0.0,1
img_04621.jpg,0.0,0.0,0.0,0.0,0.99,0.0,0.0,0.0,1
img_01469.jpg,0.0,0.0,0.0,0.0,0.0,0.0,0.0,0.99,1
img_07435.jpg,0.99,0.0,0.0,0.0,0.0,0.0,0.0,0.0,1
img_03050.jpg,0.99,0.0,0.0,0.0,0.0,0.0,0.0,0.0,1
img_00923.jpg,0.0,0.99,0.0,0.0,0.0,0.0,0.0,0.0,1
img_07451.jpg,0.0,0.0,0.0,0.0,0.0,0.99,0.0,0.0,1
img_06722.jpg,0.99,0.0,0.0,0.0,0.0,0.0,0.0,0.0,1
img_01233.jpg,0.0,0.0,0.0,0.0,0.0,0.0,0.0,0.99,1
img_03793.jpg,0.99,0.0,0.0,0.0,0.0,0.0,0.0,0.0,1
img_05398.jpg,0.0,0.0,0.0,0.0,0.99,0.0,0.0,0.0,1
img_04124.jpg,0.99,0.0,0.0,0.0,0.0,0.0,0.0,0.0,1
img_06474.jpg,0.0,0.0,0.0,0.0,0.0,0.0,0.99,0.0,1
img_02421.jpg,0.99,0.0,0.0,0.0,0.0,0.0,0.0,0.0,1
img_00238.jpg,0.0,0.0,0.0,0.0,0.0,0.0,0.0,0.99,1
img_02584.jpg,0.99,0.0,0.0,0.0,0.0,0.0,0.0,0.0,1
img_03565.jpg,0.0,0.99,0.0,0.0,0.0,0.0,0.0,0.0,1
img_03046.jpg,0.0,0.0,0.0,0.0,0.0,0.0,0.0,0.99,1
img_07255.jpg,0.99,0.0,0.0,0.0,0.0,0.0,0.0,0.0,1
img_03348.jpg,0.99,0.0,0.0,0.0,0.0,0.0,0.0,0.0,1
img_06410.jpg,0.0,0.0,0.0,0.0,0.0,0.0,0.99,0.0,1
img_03938.jpg,0.0,0.0,0.0,0.0,0.0,0.0,0.0,0.99,1
img_02689.jpg,0.99,0.0,0.0,0.0,0.0,0.0,0.0,0.0,1
img_00478.jpg,0.0,0.0,0.0,0.0,0.0,0.0,0.99,0.0,1
img_02925.jpg,0.99,0.0,0.0,0.0,0.0,0.0,0.0,0.0,1
img_02109.jpg,0.99,0.0,0.0,0.0,0.0,0.0,0.0,0.0,1
img_06932.jpg,0.99,0.0,0.0,0.0,0.0,0.0,0.0,0.0,1
img_06096.jpg,0.99,0.0,0.0,0.0,0.0,0.0,0.0,0.0,1
img_03842.jpg,0.99,0.0,0.0,0.0,0.0,0.0,0.0,0.0,1
img_07000.jpg,0.99,0.0,0.0,0.0,0.0,0.0,0.0,0.0,1
img_02516.jpg,0.0,0.0,0.0,0.0,0.0,0.0,0.0,0.99,1
img_06503.jpg,0.99,0.0,0.0,0.0,0.0,0.0,0.0,0.0,1
img_04880.jpg,0.0,0.0,0.0,0.0,0.0,0.99,0.0,0.0,1
img_05332.jpg,0.99,0.0,0.0,0.0,0.0,0.0,0.0,0.0,1
img_05069.jpg,0.0,0.99,0.0,0.0,0.0,0.0,0.0,0.0,1
img_01727.jpg,0.0,0.0,0.0,0.0,0.0,0.0,0.0,0.99,1
img_02203.jpg,0.99,0.0,0.0,0.0,0.0,0.0,0.0,0.0,1
img_01636.jpg,0.99,0.0,0.0,0.0,0.0,0.0,0.0,0.0,1
img_03007.jpg,0.0,0.0,0.0,0.0,0.0,0.0,0.0,0.99,1
img_01607.jpg,0.99,0.0,0.0,0.0,0.0,0.0,0.0,0.0,1
img_06350.jpg,0.99,0.0,0.0,0.0,0.0,0.0,0.0,0.0,1
img_02910.jpg,0.0,0.0,0.99,0.0,0.0,0.0,0.0,0.0,1
img_02160.jpg,0.0,0.0,0.0,0.0,0.0,0.99,0.0,0.0,1
img_06797.jpg,0.99,0.0,0.0,0.0,0.0,0.0,0.0,0.0,1
img_04969.jpg,0.99,0.0,0.0,0.0,0.0,0.0,0.0,0.0,1
img_00325.jpg,0.0,0.0,0.99,0.0,0.0,0.0,0.0,0.0,1
img_00818.jpg,0.0,0.0,0.0,0.0,0.99,0.0,0.0,0.0,1
img_05515.jpg,0.99,0.0,0.0,0.0,0.0,0.0,0.0,0.0,1
img_04899.jpg,0.99,0.0,0.0,0.0,0.0,0.0,0.0,0.0,1
img_03463.jpg,0.99,0.0,0.0,0.0,0.0,0.0,0.0,0.0,1
img_04230.jpg,0.0,0.0,0.0,0.0,0.0,0.0,0.0,0.99,1
img_00435.jpg,0.0,0.99,0.0,0.0,0.0,0.0,0.0,0.0,1
img_06058.jpg,0.99,0.0,0.0,0.0,0.0,0.0,0.0,0.0,1
img_05272.jpg,0.99,0.0,0.0,0.0,0.0,0.0,0.0,0.0,1
img_06252.jpg,0.99,0.0,0.0,0.0,0.0,0.0,0.0,0.0,1
img_01823.jpg,0.99,0.0,0.0,0.0,0.0,0.0,0.0,0.0,1
img_01725.jpg,0.0,0.99,0.0,0.0,0.0,0.0,0.0,0.0,1
img_01301.jpg,0.0,0.0,0.0,0.0,0.0,0.0,0.0,0.99,1
img_04018.jpg,0.99,0.0,0.0,0.0,0.0,0.0,0.0,0.0,1
img_03067.jpg,0.99,0.0,0.0,0.0,0.0,0.0,0.0,0.0,1
img_03742.jpg,0.0,0.0,0.0,0.0,0.0,0.99,0.0,0.0,1
img_04837.jpg,0.0,0.0,0.0,0.0,0.0,0.0,0.99,0.0,1
img_02779.jpg,0.99,0.0,0.0,0.0,0.0,0.0,0.0,0.0,1
img_03325.jpg,0.0,0.0,0.0,0.0,0.0,0.0,0.0,0.99,1
img_04249.jpg,0.0,0.0,0.0,0.0,0.0,0.0,0.0,0.99,1
img_04458.jpg,0.0,0.0,0.0,0.0,0.99,0.0,0.0,0.0,1
img_01938.jpg,0.0,0.0,0.0,0.0,0.0,0.0,0.0,0.99,1
img_00306.jpg,0.0,0.0,0.0,0.0,0.99,0.0,0.0,0.0,1
img_03860.jpg,0.99,0.0,0.0,0.0,0.0,0.0,0.0,0.0,1
img_02828.jpg,0.99,0.0,0.0,0.0,0.0,0.0,0.0,0.0,1
img_05816.jpg,0.0,0.0,0.0,0.0,0.0,0.0,0.0,0.99,1
img_01193.jpg,0.0,0.0,0.0,0.0,0.99,0.0,0.0,0.0,1
img_02621.jpg,0.0,0.0,0.0,0.0,0.99,0.0,0.0,0.0,1
img_06908.jpg,0.0,0.0,0.0,0.0,0.99,0.0,0.0,0.0,1
img_04179.jpg,0.0,0.99,0.0,0.0,0.0,0.0,0.0,0.0,1
img_07557.jpg,0.0,0.0,0.99,0.0,0.0,0.0,0.0,0.0,1
img_02843.jpg,0.0,0.0,0.0,0.0,0.99,0.0,0.0,0.0,1
img_05420.jpg,0.0,0.0,0.99,0.0,0.0,0.0,0.0,0.0,1
img_04779.jpg,0.0,0.0,0.0,0.0,0.0,0.99,0.0,0.0,1
img_05282.jpg,0.0,0.0,0.0,0.0,0.0,0.0,0.0,0.99,1
img_02408.jpg,0.99,0.0,0.0,0.0,0.0,0.0,0.0,0.0,1
img_04910.jpg,0.0,0.0,0.0,0.0,0.0,0.0,0.99,0.0,1
img_07240.jpg,0.99,0.0,0.0,0.0,0.0,0.0,0.0,0.0,1
img_02086.jpg,0.99,0.0,0.0,0.0,0.0,0.0,0.0,0.0,1
img_07911.jpg,0.0,0.0,0.0,0.0,0.0,0.0,0.0,0.99,1
img_04755.jpg,0.99,0.0,0.0,0.0,0.0,0.0,0.0,0.0,1
img_00090.jpg,0.99,0.0,0.0,0.0,0.0,0.0,0.0,0.0,1
img_06027.jpg,0.0,0.0,0.0,0.0,0.0,0.0,0.0,0.99,1
img_05442.jpg,0.99,0.0,0.0,0.0,0.0,0.0,0.0,0.0,1
img_07410.jpg,0.0,0.99,0.0,0.0,0.0,0.0,0.0,0.0,1
img_02534.jpg,0.0,0.0,0.0,0.0,0.99,0.0,0.0,0.0,1
img_04200.jpg,0.0,0.0,0.0,0.0,0.99,0.0,0.0,0.0,1
img_05913.jpg,0.0,0.0,0.0,0.0,0.0,0.0,0.0,0.99,1
img_03636.jpg,0.99,0.0,0.0,0.0,0.0,0.0,0.0,0.0,1
img_04530.jpg,0.0,0.0,0.0,0.0,0.0,0.99,0.0,0.0,1
img_05097.jpg,0.0,0.0,0.0,0.0,0.0,0.0,0.0,0.99,1
img_02121.jpg,0.0,0.0,0.0,0.0,0.0,0.0,0.0,0.99,1
img_04054.jpg,0.99,0.0,0.0,0.0,0.0,0.0,0.0,0.0,1
img_01029.jpg,0.99,0.0,0.0,0.0,0.0,0.0,0.0,0.0,1
img_01599.jpg,0.99,0.0,0.0,0.0,0.0,0.0,0.0,0.0,1
img_04082.jpg,0.0,0.0,0.0,0.0,0.0,0.0,0.0,0.99,1
img_03179.jpg,0.99,0.0,0.0,0.0,0.0,0.0,0.0,0.0,1
img_04623.jpg,0.0,0.0,0.0,0.0,0.99,0.0,0.0,0.0,1
img_07412.jpg,0.99,0.0,0.0,0.0,0.0,0.0,0.0,0.0,1
img_03000.jpg,0.0,0.0,0.0,0.0,0.99,0.0,0.0,0.0,1
img_00633.jpg,0.99,0.0,0.0,0.0,0.0,0.0,0.0,0.0,1
img_00441.jpg,0.0,0.99,0.0,0.0,0.0,0.0,0.0,0.0,1
img_06078.jpg,0.99,0.0,0.0,0.0,0.0,0.0,0.0,0.0,1
img_02498.jpg,0.0,0.99,0.0,0.0,0.0,0.0,0.0,0.0,1
img_00504.jpg,0.0,0.0,0.0,0.0,0.99,0.0,0.0,0.0,1
img_03730.jpg,0.99,0.0,0.0,0.0,0.0,0.0,0.0,0.0,1
img_04989.jpg,0.0,0.99,0.0,0.0,0.0,0.0,0.0,0.0,1
img_05889.jpg,0.99,0.0,0.0,0.0,0.0,0.0,0.0,0.0,1
img_06228.jpg,0.0,0.0,0.0,0.0,0.0,0.0,0.0,0.99,1
img_01446.jpg,0.99,0.0,0.0,0.0,0.0,0.0,0.0,0.0,1
img_06138.jpg,0.0,0.0,0.0,0.0,0.0,0.0,0.0,0.99,1
img_07096.jpg,0.99,0.0,0.0,0.0,0.0,0.0,0.0,0.0,1
img_03774.jpg,0.0,0.0,0.0,0.99,0.0,0.0,0.0,0.0,1
img_06983.jpg,0.0,0.99,0.0,0.0,0.0,0.0,0.0,0.0,1
img_06125.jpg,0.99,0.0,0.0,0.0,0.0,0.0,0.0,0.0,1
img_06297.jpg,0.0,0.0,0.99,0.0,0.0,0.0,0.0,0.0,1
img_01197.jpg,0.99,0.0,0.0,0.0,0.0,0.0,0.0,0.0,1
img_01982.jpg,0.0,0.0,0.0,0.0,0.0,0.99,0.0,0.0,1
img_06286.jpg,0.99,0.0,0.0,0.0,0.0,0.0,0.0,0.0,1
img_00243.jpg,0.0,0.0,0.0,0.0,0.99,0.0,0.0,0.0,1
img_00387.jpg,0.0,0.0,0.0,0.0,0.99,0.0,0.0,0.0,1
img_06785.jpg,0.0,0.0,0.0,0.0,0.0,0.99,0.0,0.0,1
img_01185.jpg,0.0,0.0,0.99,0.0,0.0,0.0,0.0,0.0,1
img_07852.jpg,0.0,0.0,0.0,0.0,0.0,0.0,0.0,0.99,1
img_01056.jpg,0.99,0.0,0.0,0.0,0.0,0.0,0.0,0.0,1
img_02976.jpg,0.0,0.0,0.0,0.0,0.0,0.0,0.0,0.99,1
img_02874.jpg,0.0,0.0,0.0,0.0,0.0,0.99,0.0,0.0,1
img_04177.jpg,0.0,0.0,0.0,0.0,0.0,0.0,0.99,0.0,1
img_06277.jpg,0.0,0.99,0.0,0.0,0.0,0.0,0.0,0.0,1
img_04400.jpg,0.99,0.0,0.0,0.0,0.0,0.0,0.0,0.0,1
img_04616.jpg,0.0,0.0,0.0,0.0,0.99,0.0,0.0,0.0,1
img_06742.jpg,0.0,0.0,0.0,0.0,0.99,0.0,0.0,0.0,1
img_02236.jpg,0.0,0.0,0.0,0.99,0.0,0.0,0.0,0.0,1
img_02978.jpg,0.99,0.0,0.0,0.0,0.0,0.0,0.0,0.0,1
img_07443.jpg,0.99,0.0,0.0,0.0,0.0,0.0,0.0,0.0,1
img_02792.jpg,0.0,0.0,0.0,0.0,0.0,0.99,0.0,0.0,1
img_07394.jpg,0.99,0.0,0.0,0.0,0.0,0.0,0.0,0.0,1
img_02774.jpg,0.99,0.0,0.0,0.0,0.0,0.0,0.0,0.0,1
img_06539.jpg,0.99,0.0,0.0,0.0,0.0,0.0,0.0,0.0,1
img_00114.jpg,0.0,0.0,0.0,0.0,0.0,0.0,0.0,0.99,1
img_07302.jpg,0.0,0.0,0.99,0.0,0.0,0.0,0.0,0.0,1
img_06434.jpg,0.0,0.0,0.0,0.0,0.0,0.0,0.0,0.99,1
img_04760.jpg,0.0,0.0,0.99,0.0,0.0,0.0,0.0,0.0,1
img_07178.jpg,0.99,0.0,0.0,0.0,0.0,0.0,0.0,0.0,1
img_01235.jpg,0.0,0.0,0.0,0.0,0.0,0.0,0.0,0.99,1
img_00843.jpg,0.99,0.0,0.0,0.0,0.0,0.0,0.0,0.0,1
img_05849.jpg,0.99,0.0,0.0,0.0,0.0,0.0,0.0,0.0,1
img_04678.jpg,0.0,0.0,0.0,0.99,0.0,0.0,0.0,0.0,1
img_01534.jpg,0.0,0.0,0.0,0.0,0.0,0.99,0.0,0.0,1
img_02186.jpg,0.0,0.0,0.0,0.99,0.0,0.0,0.0,0.0,1
img_06512.jpg,0.99,0.0,0.0,0.0,0.0,0.0,0.0,0.0,1
img_03649.jpg,0.0,0.0,0.0,0.0,0.0,0.0,0.0,0.99,1
img_01654.jpg,0.99,0.0,0.0,0.0,0.0,0.0,0.0,0.0,1
img_03164.jpg,0.99,0.0,0.0,0.0,0.0,0.0,0.0,0.0,1
img_02807.jpg,0.99,0.0,0.0,0.0,0.0,0.0,0.0,0.0,1
img_07822.jpg,0.99,0.0,0.0,0.0,0.0,0.0,0.0,0.0,1
img_07055.jpg,0.0,0.0,0.0,0.0,0.0,0.0,0.0,0.99,1
img_01483.jpg,0.0,0.0,0.0,0.0,0.0,0.99,0.0,0.0,1
img_02103.jpg,0.0,0.99,0.0,0.0,0.0,0.0,0.0,0.0,1
img_04939.jpg,0.99,0.0,0.0,0.0,0.0,0.0,0.0,0.0,1
img_05737.jpg,0.0,0.0,0.0,0.0,0.0,0.0,0.0,0.99,1
img_07917.jpg,0.99,0.0,0.0,0.0,0.0,0.0,0.0,0.0,1
img_07123.jpg,0.0,0.0,0.0,0.0,0.99,0.0,0.0,0.0,1
img_00626.jpg,0.99,0.0,0.0,0.0,0.0,0.0,0.0,0.0,1
img_06719.jpg,0.0,0.0,0.0,0.0,0.0,0.99,0.0,0.0,1
img_02095.jpg,0.0,0.0,0.0,0.0,0.0,0.0,0.99,0.0,1
img_00710.jpg,0.99,0.0,0.0,0.0,0.0,0.0,0.0,0.0,1
img_07030.jpg,0.99,0.0,0.0,0.0,0.0,0.0,0.0,0.0,1
img_00733.jpg,0.0,0.0,0.99,0.0,0.0,0.0,0.0,0.0,1
img_03983.jpg,0.0,0.0,0.0,0.0,0.0,0.0,0.99,0.0,1
img_05402.jpg,0.0,0.99,0.0,0.0,0.0,0.0,0.0,0.0,1
img_02425.jpg,0.99,0.0,0.0,0.0,0.0,0.0,0.0,0.0,1
img_00427.jpg,0.0,0.0,0.0,0.0,0.0,0.0,0.99,0.0,1
img_00032.jpg,0.99,0.0,0.0,0.0,0.0,0.0,0.0,0.0,1
img_00732.jpg,0.0,0.99,0.0,0.0,0.0,0.0,0.0,0.0,1
img_05874.jpg,0.0,0.99,0.0,0.0,0.0,0.0,0.0,0.0,1
img_07383.jpg,0.0,0.0,0.0,0.0,0.0,0.0,0.0,0.99,1
img_06656.jpg,0.99,0.0,0.0,0.0,0.0,0.0,0.0,0.0,1
img_07087.jpg,0.0,0.0,0.0,0.99,0.0,0.0,0.0,0.0,1
img_01153.jpg,0.0,0.0,0.99,0.0,0.0,0.0,0.0,0.0,1
img_00739.jpg,0.0,0.0,0.0,0.0,0.0,0.0,0.0,0.99,1
img_04827.jpg,0.99,0.0,0.0,0.0,0.0,0.0,0.0,0.0,1
img_06963.jpg,0.99,0.0,0.0,0.0,0.0,0.0,0.0,0.0,1
img_01215.jpg,0.0,0.99,0.0,0.0,0.0,0.0,0.0,0.0,1
img_02341.jpg,0.0,0.0,0.99,0.0,0.0,0.0,0.0,0.0,1
img_00983.jpg,0.0,0.0,0.99,0.0,0.0,0.0,0.0,0.0,1
img_00047.jpg,0.0,0.0,0.0,0.0,0.0,0.0,0.0,0.99,1
img_03549.jpg,0.99,0.0,0.0,0.0,0.0,0.0,0.0,0.0,1
img_06200.jpg,0.99,0.0,0.0,0.0,0.0,0.0,0.0,0.0,1
img_00771.jpg,0.0,0.99,0.0,0.0,0.0,0.0,0.0,0.0,1
img_01278.jpg,0.99,0.0,0.0,0.0,0.0,0.0,0.0,0.0,1
img_03736.jpg,0.99,0.0,0.0,0.0,0.0,0.0,0.0,0.0,1
img_00698.jpg,0.0,0.0,0.0,0.0,0.0,0.99,0.0,0.0,1
img_03932.jpg,0.99,0.0,0.0,0.0,0.0,0.0,0.0,0.0,1
img_05966.jpg,0.0,0.0,0.0,0.99,0.0,0.0,0.0,0.0,1
img_01298.jpg,0.0,0.0,0.0,0.0,0.0,0.0,0.99,0.0,1
img_00687.jpg,0.99,0.0,0.0,0.0,0.0,0.0,0.0,0.0,1
img_06877.jpg,0.0,0.0,0.0,0.0,0.0,0.99,0.0,0.0,1
img_03951.jpg,0.0,0.0,0.0,0.0,0.0,0.99,0.0,0.0,1
img_01604.jpg,0.99,0.0,0.0,0.0,0.0,0.0,0.0,0.0,1
img_02019.jpg,0.99,0.0,0.0,0.0,0.0,0.0,0.0,0.0,1
img_02919.jpg,0.0,0.0,0.0,0.0,0.0,0.0,0.0,0.99,1
img_03243.jpg,0.0,0.0,0.0,0.0,0.0,0.99,0.0,0.0,1
img_06708.jpg,0.0,0.0,0.0,0.0,0.0,0.99,0.0,0.0,1
img_04290.jpg,0.99,0.0,0.0,0.0,0.0,0.0,0.0,0.0,1
img_01804.jpg,0.99,0.0,0.0,0.0,0.0,0.0,0.0,0.0,1
img_07001.jpg,0.99,0.0,0.0,0.0,0.0,0.0,0.0,0.0,1
img_02171.jpg,0.99,0.0,0.0,0.0,0.0,0.0,0.0,0.0,1
img_05077.jpg,0.99,0.0,0.0,0.0,0.0,0.0,0.0,0.0,1
img_01343.jpg,0.0,0.99,0.0,0.0,0.0,0.0,0.0,0.0,1
img_05924.jpg,0.99,0.0,0.0,0.0,0.0,0.0,0.0,0.0,1
img_07608.jpg,0.99,0.0,0.0,0.0,0.0,0.0,0.0,0.0,1
img_06179.jpg,0.0,0.0,0.0,0.0,0.99,0.0,0.0,0.0,1
img_01044.jpg,0.0,0.0,0.0,0.0,0.0,0.99,0.0,0.0,1
img_04448.jpg,0.0,0.0,0.0,0.0,0.0,0.99,0.0,0.0,1
img_00307.jpg,0.0,0.0,0.0,0.0,0.99,0.0,0.0,0.0,1
img_01052.jpg,0.0,0.0,0.0,0.0,0.99,0.0,0.0,0.0,1
img_00568.jpg,0.99,0.0,0.0,0.0,0.0,0.0,0.0,0.0,1
img_01155.jpg,0.0,0.0,0.0,0.0,0.99,0.0,0.0,0.0,1
img_01759.jpg,0.0,0.0,0.0,0.0,0.0,0.0,0.99,0.0,1
img_01448.jpg,0.99,0.0,0.0,0.0,0.0,0.0,0.0,0.0,1
img_01276.jpg,0.99,0.0,0.0,0.0,0.0,0.0,0.0,0.0,1
img_03376.jpg,0.99,0.0,0.0,0.0,0.0,0.0,0.0,0.0,1
img_00477.jpg,0.0,0.0,0.0,0.0,0.0,0.0,0.0,0.99,1
img_00022.jpg,0.0,0.0,0.0,0.0,0.99,0.0,0.0,0.0,1
img_00143.jpg,0.0,0.0,0.0,0.0,0.99,0.0,0.0,0.0,1
img_06212.jpg,0.0,0.0,0.0,0.0,0.99,0.0,0.0,0.0,1
img_02846.jpg,0.0,0.0,0.0,0.0,0.0,0.0,0.0,0.99,1
img_04302.jpg,0.0,0.0,0.0,0.0,0.0,0.0,0.0,0.99,1
img_07673.jpg,0.0,0.0,0.0,0.0,0.99,0.0,0.0,0.0,1
img_06093.jpg,0.0,0.0,0.0,0.0,0.0,0.99,0.0,0.0,1
img_06322.jpg,0.0,0.0,0.0,0.0,0.99,0.0,0.0,0.0,1
img_06118.jpg,0.0,0.0,0.0,0.0,0.0,0.0,0.99,0.0,1
img_03136.jpg,0.0,0.0,0.0,0.0,0.0,0.0,0.0,0.99,1
img_02254.jpg,0.99,0.0,0.0,0.0,0.0,0.0,0.0,0.0,1
img_06645.jpg,0.99,0.0,0.0,0.0,0.0,0.0,0.0,0.0,1
img_00406.jpg,0.0,0.0,0.0,0.0,0.99,0.0,0.0,0.0,1
img_00516.jpg,0.0,0.0,0.0,0.0,0.99,0.0,0.0,0.0,1
img_01083.jpg,0.99,0.0,0.0,0.0,0.0,0.0,0.0,0.0,1
img_01072.jpg,0.99,0.0,0.0,0.0,0.0,0.0,0.0,0.0,1
img_07771.jpg,0.99,0.0,0.0,0.0,0.0,0.0,0.0,0.0,1
img_06910.jpg,0.0,0.0,0.0,0.0,0.99,0.0,0.0,0.0,1
img_04296.jpg,0.99,0.0,0.0,0.0,0.0,0.0,0.0,0.0,1
img_03494.jpg,0.0,0.0,0.0,0.0,0.99,0.0,0.0,0.0,1
img_02447.jpg,0.99,0.0,0.0,0.0,0.0,0.0,0.0,0.0,1
img_07142.jpg,0.0,0.0,0.0,0.99,0.0,0.0,0.0,0.0,1
img_03025.jpg,0.0,0.0,0.0,0.0,0.99,0.0,0.0,0.0,1
img_03666.jpg,0.99,0.0,0.0,0.0,0.0,0.0,0.0,0.0,1
img_04912.jpg,0.0,0.0,0.0,0.0,0.0,0.0,0.0,0.99,1
img_00819.jpg,0.0,0.0,0.0,0.0,0.99,0.0,0.0,0.0,1
img_01024.jpg,0.0,0.0,0.0,0.0,0.99,0.0,0.0,0.0,1
img_03187.jpg,0.0,0.0,0.0,0.0,0.99,0.0,0.0,0.0,1
img_00754.jpg,0.99,0.0,0.0,0.0,0.0,0.0,0.0,0.0,1
img_02325.jpg,0.0,0.0,0.0,0.0,0.99,0.0,0.0,0.0,1
img_04954.jpg,0.99,0.0,0.0,0.0,0.0,0.0,0.0,0.0,1
img_07577.jpg,0.0,0.0,0.0,0.0,0.0,0.0,0.0,0.99,1
img_05841.jpg,0.0,0.99,0.0,0.0,0.0,0.0,0.0,0.0,1
img_06875.jpg,0.0,0.0,0.0,0.0,0.0,0.0,0.0,0.99,1
img_01830.jpg,0.99,0.0,0.0,0.0,0.0,0.0,0.0,0.0,1
img_07233.jpg,0.0,0.0,0.0,0.0,0.0,0.0,0.0,0.99,1
img_03521.jpg,0.0,0.0,0.0,0.0,0.0,0.0,0.99,0.0,1
img_04075.jpg,0.99,0.0,0.0,0.0,0.0,0.0,0.0,0.0,1
img_06931.jpg,0.99,0.0,0.0,0.0,0.0,0.0,0.0,0.0,1
img_00420.jpg,0.0,0.0,0.0,0.0,0.0,0.0,0.0,0.99,1
img_07732.jpg,0.99,0.0,0.0,0.0,0.0,0.0,0.0,0.0,1
img_03143.jpg,0.99,0.0,0.0,0.0,0.0,0.0,0.0,0.0,1
img_07841.jpg,0.0,0.0,0.0,0.0,0.0,0.0,0.99,0.0,1
img_04628.jpg,0.0,0.0,0.0,0.0,0.0,0.0,0.0,0.99,1
img_07217.jpg,0.0,0.0,0.0,0.0,0.0,0.0,0.0,0.99,1
img_00670.jpg,0.0,0.0,0.0,0.0,0.0,0.99,0.0,0.0,1
img_02051.jpg,0.0,0.0,0.0,0.0,0.0,0.99,0.0,0.0,1
img_03693.jpg,0.99,0.0,0.0,0.0,0.0,0.0,0.0,0.0,1
img_01512.jpg,0.0,0.0,0.0,0.99,0.0,0.0,0.0,0.0,1
img_02495.jpg,0.99,0.0,0.0,0.0,0.0,0.0,0.0,0.0,1
img_05040.jpg,0.99,0.0,0.0,0.0,0.0,0.0,0.0,0.0,1
img_02263.jpg,0.99,0.0,0.0,0.0,0.0,0.0,0.0,0.0,1
img_06561.jpg,0.99,0.0,0.0,0.0,0.0,0.0,0.0,0.0,1
img_07315.jpg,0.0,0.0,0.0,0.0,0.0,0.0,0.0,0.99,1
img_07358.jpg,0.99,0.0,0.0,0.0,0.0,0.0,0.0,0.0,1
img_04279.jpg,0.0,0.0,0.0,0.99,0.0,0.0,0.0,0.0,1
img_05054.jpg,0.0,0.0,0.99,0.0,0.0,0.0,0.0,0.0,1
img_00847.jpg,0.0,0.0,0.0,0.0,0.99,0.0,0.0,0.0,1
img_01175.jpg,0.0,0.0,0.0,0.0,0.0,0.99,0.0,0.0,1
img_05245.jpg,0.0,0.0,0.0,0.0,0.0,0.0,0.0,0.99,1
img_02481.jpg,0.99,0.0,0.0,0.0,0.0,0.0,0.0,0.0,1
img_05132.jpg,0.99,0.0,0.0,0.0,0.0,0.0,0.0,0.0,1
img_04792.jpg,0.99,0.0,0.0,0.0,0.0,0.0,0.0,0.0,1
img_03240.jpg,0.0,0.0,0.0,0.0,0.99,0.0,0.0,0.0,1
img_05286.jpg,0.99,0.0,0.0,0.0,0.0,0.0,0.0,0.0,1
img_02691.jpg,0.0,0.0,0.0,0.0,0.0,0.99,0.0,0.0,1
img_04112.jpg,0.99,0.0,0.0,0.0,0.0,0.0,0.0,0.0,1
img_03031.jpg,0.99,0.0,0.0,0.0,0.0,0.0,0.0,0.0,1
img_00644.jpg,0.0,0.0,0.99,0.0,0.0,0.0,0.0,0.0,1
img_07797.jpg,0.99,0.0,0.0,0.0,0.0,0.0,0.0,0.0,1
img_01682.jpg,0.99,0.0,0.0,0.0,0.0,0.0,0.0,0.0,1
img_06123.jpg,0.99,0.0,0.0,0.0,0.0,0.0,0.0,0.0,1
img_04618.jpg,0.0,0.0,0.0,0.0,0.0,0.0,0.99,0.0,1
img_04874.jpg,0.99,0.0,0.0,0.0,0.0,0.0,0.0,0.0,1
img_05270.jpg,0.99,0.0,0.0,0.0,0.0,0.0,0.0,0.0,1
img_06198.jpg,0.0,0.0,0.0,0.0,0.0,0.0,0.0,0.99,1
img_02414.jpg,0.99,0.0,0.0,0.0,0.0,0.0,0.0,0.0,1
img_05796.jpg,0.0,0.99,0.0,0.0,0.0,0.0,0.0,0.0,1
img_06060.jpg,0.99,0.0,0.0,0.0,0.0,0.0,0.0,0.0,1
img_00321.jpg,0.0,0.99,0.0,0.0,0.0,0.0,0.0,0.0,1
img_06644.jpg,0.0,0.0,0.99,0.0,0.0,0.0,0.0,0.0,1
img_07868.jpg,0.99,0.0,0.0,0.0,0.0,0.0,0.0,0.0,1
img_07545.jpg,0.0,0.99,0.0,0.0,0.0,0.0,0.0,0.0,1
img_02945.jpg,0.99,0.0,0.0,0.0,0.0,0.0,0.0,0.0,1
img_03401.jpg,0.99,0.0,0.0,0.0,0.0,0.0,0.0,0.0,1
img_06686.jpg,0.0,0.0,0.0,0.0,0.0,0.0,0.99,0.0,1
img_04936.jpg,0.0,0.0,0.0,0.0,0.0,0.0,0.0,0.99,1
img_02080.jpg,0.0,0.0,0.0,0.0,0.0,0.0,0.99,0.0,1
img_01950.jpg,0.99,0.0,0.0,0.0,0.0,0.0,0.0,0.0,1
img_01914.jpg,0.99,0.0,0.0,0.0,0.0,0.0,0.0,0.0,1
img_05512.jpg,0.99,0.0,0.0,0.0,0.0,0.0,0.0,0.0,1
img_06850.jpg,0.99,0.0,0.0,0.0,0.0,0.0,0.0,0.0,1
img_01954.jpg,0.99,0.0,0.0,0.0,0.0,0.0,0.0,0.0,1
img_01304.jpg,0.99,0.0,0.0,0.0,0.0,0.0,0.0,0.0,1
img_07018.jpg,0.99,0.0,0.0,0.0,0.0,0.0,0.0,0.0,1
img_03386.jpg,0.0,0.0,0.0,0.0,0.99,0.0,0.0,0.0,1
img_02551.jpg,0.99,0.0,0.0,0.0,0.0,0.0,0.0,0.0,1
img_07398.jpg,0.99,0.0,0.0,0.0,0.0,0.0,0.0,0.0,1
img_05598.jpg,0.0,0.0,0.0,0.0,0.0,0.99,0.0,0.0,1
img_02550.jpg,0.0,0.0,0.0,0.0,0.0,0.0,0.0,0.99,1
img_04096.jpg,0.0,0.0,0.0,0.0,0.0,0.0,0.0,0.99,1
img_06960.jpg,0.99,0.0,0.0,0.0,0.0,0.0,0.0,0.0,1
img_05148.jpg,0.99,0.0,0.0,0.0,0.0,0.0,0.0,0.0,1
img_01047.jpg,0.99,0.0,0.0,0.0,0.0,0.0,0.0,0.0,1
img_05684.jpg,0.99,0.0,0.0,0.0,0.0,0.0,0.0,0.0,1
img_06929.jpg,0.99,0.0,0.0,0.0,0.0,0.0,0.0,0.0,1
img_00023.jpg,0.0,0.0,0.0,0.0,0.0,0.0,0.0,0.99,1
img_01641.jpg,0.99,0.0,0.0,0.0,0.0,0.0,0.0,0.0,1
img_04605.jpg,0.0,0.0,0.0,0.0,0.99,0.0,0.0,0.0,1
img_05823.jpg,0.99,0.0,0.0,0.0,0.0,0.0,0.0,0.0,1
img_03600.jpg,0.99,0.0,0.0,0.0,0.0,0.0,0.0,0.0,1
img_05190.jpg,0.0,0.0,0.0,0.0,0.99,0.0,0.0,0.0,1
img_00586.jpg,0.0,0.0,0.0,0.0,0.99,0.0,0.0,0.0,1
img_06143.jpg,0.99,0.0,0.0,0.0,0.0,0.0,0.0,0.0,1
img_04627.jpg,0.0,0.0,0.0,0.0,0.0,0.0,0.0,0.99,1
img_01422.jpg,0.99,0.0,0.0,0.0,0.0,0.0,0.0,0.0,1
img_01554.jpg,0.99,0.0,0.0,0.0,0.0,0.0,0.0,0.0,1
img_07069.jpg,0.0,0.0,0.0,0.0,0.0,0.0,0.0,0.99,1
img_00939.jpg,0.99,0.0,0.0,0.0,0.0,0.0,0.0,0.0,1
img_02224.jpg,0.0,0.0,0.0,0.0,0.0,0.0,0.99,0.0,1
img_03099.jpg,0.99,0.0,0.0,0.0,0.0,0.0,0.0,0.0,1
img_01191.jpg,0.99,0.0,0.0,0.0,0.0,0.0,0.0,0.0,1
img_00509.jpg,0.99,0.0,0.0,0.0,0.0,0.0,0.0,0.0,1
img_06766.jpg,0.0,0.0,0.0,0.0,0.0,0.99,0.0,0.0,1
img_03779.jpg,0.0,0.0,0.0,0.0,0.0,0.0,0.0,0.99,1
img_06453.jpg,0.0,0.99,0.0,0.0,0.0,0.0,0.0,0.0,1
img_00561.jpg,0.99,0.0,0.0,0.0,0.0,0.0,0.0,0.0,1
img_00033.jpg,0.0,0.0,0.0,0.0,0.0,0.0,0.99,0.0,1
img_06260.jpg,0.99,0.0,0.0,0.0,0.0,0.0,0.0,0.0,1
img_06677.jpg,0.0,0.0,0.0,0.0,0.0,0.0,0.99,0.0,1
img_07498.jpg,0.0,0.0,0.0,0.0,0.0,0.0,0.99,0.0,1
img_05756.jpg,0.0,0.0,0.0,0.0,0.0,0.99,0.0,0.0,1
img_04841.jpg,0.99,0.0,0.0,0.0,0.0,0.0,0.0,0.0,1
img_06554.jpg,0.99,0.0,0.0,0.0,0.0,0.0,0.0,0.0,1
img_02302.jpg,0.0,0.0,0.0,0.0,0.99,0.0,0.0,0.0,1
img_05166.jpg,0.0,0.0,0.0,0.0,0.0,0.0,0.0,0.99,1
img_02937.jpg,0.0,0.0,0.99,0.0,0.0,0.0,0.0,0.0,1
img_03335.jpg,0.99,0.0,0.0,0.0,0.0,0.0,0.0,0.0,1
img_07922.jpg,0.0,0.0,0.0,0.0,0.0,0.99,0.0,0.0,1
img_00097.jpg,0.99,0.0,0.0,0.0,0.0,0.0,0.0,0.0,1
img_00037.jpg,0.99,0.0,0.0,0.0,0.0,0.0,0.0,0.0,1
img_07225.jpg,0.99,0.0,0.0,0.0,0.0,0.0,0.0,0.0,1
img_06390.jpg,0.99,0.0,0.0,0.0,0.0,0.0,0.0,0.0,1
img_03798.jpg,0.99,0.0,0.0,0.0,0.0,0.0,0.0,0.0,1
img_05348.jpg,0.99,0.0,0.0,0.0,0.0,0.0,0.0,0.0,1
img_07721.jpg,0.0,0.99,0.0,0.0,0.0,0.0,0.0,0.0,1
img_04065.jpg,0.99,0.0,0.0,0.0,0.0,0.0,0.0,0.0,1
img_00778.jpg,0.0,0.0,0.0,0.0,0.0,0.0,0.0,0.99,1
img_07542.jpg,0.99,0.0,0.0,0.0,0.0,0.0,0.0,0.0,1
img_01085.jpg,0.99,0.0,0.0,0.0,0.0,0.0,0.0,0.0,1
img_03049.jpg,0.0,0.0,0.0,0.0,0.0,0.99,0.0,0.0,1
img_02635.jpg,0.99,0.0,0.0,0.0,0.0,0.0,0.0,0.0,1
img_07007.jpg,0.0,0.99,0.0,0.0,0.0,0.0,0.0,0.0,1
img_06792.jpg,0.0,0.0,0.0,0.0,0.99,0.0,0.0,0.0,1
img_05465.jpg,0.99,0.0,0.0,0.0,0.0,0.0,0.0,0.0,1
img_06721.jpg,0.99,0.0,0.0,0.0,0.0,0.0,0.0,0.0,1
img_05136.jpg,0.99,0.0,0.0,0.0,0.0,0.0,0.0,0.0,1
img_05628.jpg,0.0,0.0,0.0,0.0,0.0,0.0,0.0,0.99,1
img_00403.jpg,0.99,0.0,0.0,0.0,0.0,0.0,0.0,0.0,1
img_05425.jpg,0.0,0.0,0.0,0.0,0.0,0.99,0.0,0.0,1
img_04907.jpg,0.99,0.0,0.0,0.0,0.0,0.0,0.0,0.0,1
img_00092.jpg,0.0,0.0,0.0,0.0,0.0,0.0,0.0,0.99,1
img_01927.jpg,0.0,0.0,0.0,0.0,0.99,0.0,0.0,0.0,1
img_06240.jpg,0.0,0.0,0.0,0.0,0.99,0.0,0.0,0.0,1
img_05029.jpg,0.99,0.0,0.0,0.0,0.0,0.0,0.0,0.0,1
img_07073.jpg,0.0,0.0,0.0,0.0,0.0,0.99,0.0,0.0,1
img_01463.jpg,0.0,0.0,0.0,0.0,0.99,0.0,0.0,0.0,1
img_01817.jpg,0.0,0.0,0.0,0.0,0.0,0.0,0.0,0.99,1
img_05814.jpg,0.0,0.0,0.0,0.0,0.99,0.0,0.0,0.0,1
img_02515.jpg,0.0,0.0,0.0,0.0,0.0,0.0,0.0,0.99,1
img_07328.jpg,0.99,0.0,0.0,0.0,0.0,0.0,0.0,0.0,1
img_03596.jpg,0.0,0.0,0.0,0.0,0.0,0.0,0.0,0.99,1
img_07250.jpg,0.0,0.0,0.0,0.0,0.0,0.0,0.0,0.99,1
img_01380.jpg,0.0,0.0,0.0,0.0,0.0,0.0,0.0,0.99,1
img_04050.jpg,0.0,0.0,0.0,0.0,0.0,0.0,0.99,0.0,1
img_05893.jpg,0.99,0.0,0.0,0.0,0.0,0.0,0.0,0.0,1
img_03747.jpg,0.99,0.0,0.0,0.0,0.0,0.0,0.0,0.0,1
img_01634.jpg,0.0,0.0,0.0,0.0,0.0,0.0,0.0,0.99,1
img_07307.jpg,0.99,0.0,0.0,0.0,0.0,0.0,0.0,0.0,1
img_07631.jpg,0.0,0.0,0.0,0.0,0.99,0.0,0.0,0.0,1
img_01905.jpg,0.0,0.99,0.0,0.0,0.0,0.0,0.0,0.0,1
img_03037.jpg,0.99,0.0,0.0,0.0,0.0,0.0,0.0,0.0,1
img_01418.jpg,0.0,0.0,0.0,0.0,0.0,0.99,0.0,0.0,1
img_00643.jpg,0.99,0.0,0.0,0.0,0.0,0.0,0.0,0.0,1
img_07517.jpg,0.0,0.0,0.0,0.0,0.0,0.0,0.0,0.99,1
img_05621.jpg,0.99,0.0,0.0,0.0,0.0,0.0,0.0,0.0,1
img_02586.jpg,0.99,0.0,0.0,0.0,0.0,0.0,0.0,0.0,1
img_04644.jpg,0.0,0.0,0.0,0.0,0.99,0.0,0.0,0.0,1
img_01858.jpg,0.99,0.0,0.0,0.0,0.0,0.0,0.0,0.0,1
img_00951.jpg,0.0,0.0,0.99,0.0,0.0,0.0,0.0,0.0,1
img_05103.jpg,0.99,0.0,0.0,0.0,0.0,0.0,0.0,0.0,1
img_01884.jpg,0.99,0.0,0.0,0.0,0.0,0.0,0.0,0.0,1
img_04873.jpg,0.0,0.0,0.0,0.0,0.0,0.99,0.0,0.0,1
img_03806.jpg,0.0,0.0,0.0,0.0,0.99,0.0,0.0,0.0,1
img_07651.jpg,0.99,0.0,0.0,0.0,0.0,0.0,0.0,0.0,1
img_03132.jpg,0.0,0.0,0.0,0.0,0.0,0.99,0.0,0.0,1
img_02756.jpg,0.0,0.0,0.0,0.0,0.0,0.0,0.0,0.99,1
img_03066.jpg,0.0,0.0,0.0,0.0,0.0,0.99,0.0,0.0,1
img_07562.jpg,0.0,0.0,0.0,0.0,0.0,0.0,0.0,0.99,1
img_00482.jpg,0.99,0.0,0.0,0.0,0.0,0.0,0.0,0.0,1
img_00156.jpg,0.99,0.0,0.0,0.0,0.0,0.0,0.0,0.0,1
img_06471.jpg,0.99,0.0,0.0,0.0,0.0,0.0,0.0,0.0,1
img_05851.jpg,0.99,0.0,0.0,0.0,0.0,0.0,0.0,0.0,1
img_07020.jpg,0.99,0.0,0.0,0.0,0.0,0.0,0.0,0.0,1
img_06607.jpg,0.99,0.0,0.0,0.0,0.0,0.0,0.0,0.0,1
img_05777.jpg,0.99,0.0,0.0,0.0,0.0,0.0,0.0,0.0,1
img_02529.jpg,0.0,0.0,0.99,0.0,0.0,0.0,0.0,0.0,1
img_00502.jpg,0.99,0.0,0.0,0.0,0.0,0.0,0.0,0.0,1
img_06282.jpg,0.99,0.0,0.0,0.0,0.0,0.0,0.0,0.0,1
img_02717.jpg,0.0,0.0,0.0,0.0,0.99,0.0,0.0,0.0,1
img_07056.jpg,0.0,0.0,0.0,0.0,0.0,0.0,0.99,0.0,1
img_02533.jpg,0.0,0.0,0.0,0.99,0.0,0.0,0.0,0.0,1
img_01319.jpg,0.99,0.0,0.0,0.0,0.0,0.0,0.0,0.0,1
img_04396.jpg,0.0,0.0,0.0,0.0,0.0,0.99,0.0,0.0,1
img_04161.jpg,0.0,0.0,0.0,0.0,0.0,0.0,0.99,0.0,1
img_05460.jpg,0.0,0.0,0.0,0.0,0.0,0.0,0.0,0.99,1
img_03971.jpg,0.0,0.0,0.0,0.0,0.0,0.0,0.99,0.0,1
img_07431.jpg,0.0,0.0,0.0,0.0,0.0,0.0,0.0,0.99,1
img_07759.jpg,0.0,0.0,0.0,0.0,0.0,0.0,0.0,0.99,1
img_04825.jpg,0.0,0.0,0.0,0.0,0.0,0.0,0.0,0.99,1
img_02219.jpg,0.0,0.0,0.0,0.0,0.0,0.0,0.0,0.99,1
img_00539.jpg,0.0,0.0,0.0,0.0,0.0,0.0,0.0,0.99,1
img_04343.jpg,0.0,0.0,0.0,0.0,0.0,0.0,0.99,0.0,1
img_02176.jpg,0.0,0.0,0.0,0.0,0.0,0.0,0.99,0.0,1
img_06988.jpg,0.0,0.0,0.0,0.0,0.0,0.0,0.0,0.99,1
img_02718.jpg,0.0,0.0,0.0,0.0,0.0,0.0,0.99,0.0,1
img_07500.jpg,0.0,0.0,0.0,0.0,0.99,0.0,0.0,0.0,1
img_05711.jpg,0.0,0.0,0.0,0.0,0.0,0.99,0.0,0.0,1
img_06827.jpg,0.0,0.99,0.0,0.0,0.0,0.0,0.0,0.0,1
img_02411.jpg,0.0,0.0,0.0,0.0,0.0,0.0,0.0,0.99,1
img_02564.jpg,0.0,0.0,0.0,0.0,0.99,0.0,0.0,0.0,1
img_05302.jpg,0.0,0.0,0.0,0.0,0.0,0.0,0.0,0.99,1
img_06824.jpg,0.0,0.0,0.0,0.0,0.0,0.0,0.0,0.99,1
img_01039.jpg,0.0,0.0,0.0,0.0,0.99,0.0,0.0,0.0,1
img_07535.jpg,0.0,0.0,0.0,0.0,0.0,0.0,0.0,0.99,1
img_00600.jpg,0.0,0.0,0.0,0.0,0.0,0.0,0.99,0.0,1
img_02500.jpg,0.0,0.0,0.0,0.0,0.0,0.0,0.0,0.99,1
img_01349.jpg,0.0,0.0,0.0,0.0,0.0,0.99,0.0,0.0,1
img_01925.jpg,0.0,0.0,0.0,0.0,0.99,0.0,0.0,0.0,1
img_02626.jpg,0.0,0.0,0.0,0.0,0.0,0.0,0.0,0.99,1
img_05155.jpg,0.0,0.0,0.0,0.0,0.0,0.99,0.0,0.0,1
img_00537.jpg,0.0,0.99,0.0,0.0,0.0,0.0,0.0,0.0,1
img_00908.jpg,0.0,0.0,0.0,0.0,0.0,0.99,0.0,0.0,1
img_04022.jpg,0.0,0.99,0.0,0.0,0.0,0.0,0.0,0.0,1
img_03437.jpg,0.0,0.0,0.0,0.0,0.0,0.0,0.0,0.99,1
img_04352.jpg,0.0,0.0,0.0,0.99,0.0,0.0,0.0,0.0,1
img_04367.jpg,0.0,0.0,0.0,0.0,0.0,0.0,0.0,0.99,1
img_02930.jpg,0.0,0.0,0.0,0.0,0.99,0.0,0.0,0.0,1
img_03051.jpg,0.0,0.99,0.0,0.0,0.0,0.0,0.0,0.0,1
img_01234.jpg,0.0,0.99,0.0,0.0,0.0,0.0,0.0,0.0,1
img_02016.jpg,0.0,0.99,0.0,0.0,0.0,0.0,0.0,0.0,1
img_02752.jpg,0.0,0.0,0.99,0.0,0.0,0.0,0.0,0.0,1
img_04820.jpg,0.0,0.0,0.0,0.0,0.0,0.99,0.0,0.0,1
img_05112.jpg,0.0,0.0,0.0,0.0,0.0,0.99,0.0,0.0,1
img_00609.jpg,0.0,0.0,0.0,0.0,0.99,0.0,0.0,0.0,1
img_00806.jpg,0.0,0.0,0.0,0.0,0.0,0.0,0.0,0.99,1
img_05036.jpg,0.0,0.0,0.0,0.0,0.0,0.0,0.0,0.99,1
img_03404.jpg,0.0,0.0,0.0,0.0,0.99,0.0,0.0,0.0,1
img_02355.jpg,0.0,0.0,0.0,0.0,0.0,0.0,0.0,0.99,1
img_07674.jpg,0.0,0.0,0.0,0.0,0.99,0.0,0.0,0.0,1
img_00116.jpg,0.0,0.0,0.0,0.0,0.0,0.0,0.0,0.99,1
img_03063.jpg,0.0,0.0,0.0,0.0,0.0,0.0,0.0,0.99,1
img_06000.jpg,0.0,0.0,0.0,0.0,0.0,0.0,0.99,0.0,1
img_02099.jpg,0.0,0.0,0.0,0.0,0.0,0.99,0.0,0.0,1
img_04551.jpg,0.0,0.0,0.0,0.0,0.0,0.0,0.0,0.99,1
img_07274.jpg,0.0,0.0,0.0,0.0,0.99,0.0,0.0,0.0,1
img_03546.jpg,0.0,0.0,0.99,0.0,0.0,0.0,0.0,0.0,1
img_06819.jpg,0.0,0.0,0.0,0.0,0.0,0.0,0.0,0.99,1
img_02199.jpg,0.0,0.0,0.0,0.0,0.0,0.0,0.0,0.99,1
img_05262.jpg,0.0,0.99,0.0,0.0,0.0,0.0,0.0,0.0,1
img_03308.jpg,0.0,0.0,0.0,0.0,0.0,0.99,0.0,0.0,1
img_04049.jpg,0.0,0.0,0.0,0.0,0.0,0.0,0.0,0.99,1
img_05954.jpg,0.0,0.0,0.0,0.0,0.0,0.99,0.0,0.0,1
img_02415.jpg,0.0,0.0,0.0,0.99,0.0,0.0,0.0,0.0,1
img_03755.jpg,0.0,0.0,0.0,0.0,0.0,0.0,0.0,0.99,1
img_03211.jpg,0.0,0.0,0.0,0.0,0.0,0.0,0.0,0.99,1
img_03395.jpg,0.0,0.0,0.0,0.0,0.0,0.99,0.0,0.0,1
img_05503.jpg,0.0,0.0,0.0,0.0,0.99,0.0,0.0,0.0,1
img_06980.jpg,0.0,0.0,0.0,0.0,0.0,0.0,0.0,0.99,1
img_06028.jpg,0.0,0.0,0.0,0.0,0.0,0.99,0.0,0.0,1
img_00339.jpg,0.0,0.0,0.0,0.0,0.99,0.0,0.0,0.0,1
img_02742.jpg,0.0,0.99,0.0,0.0,0.0,0.0,0.0,0.0,1
img_06130.jpg,0.0,0.0,0.0,0.0,0.99,0.0,0.0,0.0,1
img_00560.jpg,0.0,0.0,0.0,0.0,0.0,0.0,0.99,0.0,1
img_06584.jpg,0.0,0.0,0.0,0.0,0.0,0.99,0.0,0.0,1
img_02014.jpg,0.0,0.0,0.0,0.0,0.0,0.0,0.0,0.99,1
img_05943.jpg,0.0,0.0,0.0,0.0,0.0,0.99,0.0,0.0,1
img_01481.jpg,0.0,0.99,0.0,0.0,0.0,0.0,0.0,0.0,1
img_01308.jpg,0.0,0.0,0.0,0.0,0.0,0.0,0.0,0.99,1
img_01411.jpg,0.0,0.0,0.0,0.0,0.99,0.0,0.0,0.0,1
img_02745.jpg,0.0,0.0,0.0,0.0,0.0,0.99,0.0,0.0,1
img_07570.jpg,0.0,0.0,0.0,0.0,0.0,0.99,0.0,0.0,1
img_06672.jpg,0.0,0.0,0.0,0.0,0.0,0.0,0.0,0.99,1
img_06005.jpg,0.0,0.0,0.0,0.0,0.0,0.99,0.0,0.0,1
img_02757.jpg,0.0,0.99,0.0,0.0,0.0,0.0,0.0,0.0,1
img_07067.jpg,0.0,0.0,0.0,0.0,0.0,0.0,0.0,0.99,1
img_00981.jpg,0.0,0.0,0.0,0.0,0.99,0.0,0.0,0.0,1
img_01623.jpg,0.0,0.0,0.0,0.0,0.0,0.0,0.0,0.99,1
img_07132.jpg,0.0,0.0,0.0,0.0,0.99,0.0,0.0,0.0,1
img_00354.jpg,0.0,0.0,0.0,0.0,0.99,0.0,0.0,0.0,1
img_06054.jpg,0.0,0.0,0.0,0.0,0.0,0.0,0.0,0.99,1
img_02884.jpg,0.0,0.0,0.0,0.0,0.0,0.0,0.0,0.99,1
img_01784.jpg,0.0,0.0,0.0,0.0,0.0,0.0,0.0,0.99,1
img_00766.jpg,0.0,0.0,0.0,0.0,0.99,0.0,0.0,0.0,1
img_06903.jpg,0.0,0.0,0.0,0.0,0.0,0.0,0.99,0.0,1
img_00165.jpg,0.0,0.0,0.99,0.0,0.0,0.0,0.0,0.0,1
img_05431.jpg,0.0,0.99,0.0,0.0,0.0,0.0,0.0,0.0,1
img_06116.jpg,0.0,0.0,0.0,0.0,0.99,0.0,0.0,0.0,1
img_05895.jpg,0.0,0.0,0.0,0.0,0.0,0.99,0.0,0.0,1
img_04681.jpg,0.0,0.0,0.0,0.0,0.0,0.0,0.0,0.99,1
img_07290.jpg,0.0,0.0,0.0,0.0,0.0,0.0,0.0,0.99,1
img_02822.jpg,0.0,0.0,0.0,0.0,0.99,0.0,0.0,0.0,1
img_06601.jpg,0.0,0.0,0.0,0.0,0.99,0.0,0.0,0.0,1
img_04185.jpg,0.0,0.99,0.0,0.0,0.0,0.0,0.0,0.0,1
img_06532.jpg,0.0,0.99,0.0,0.0,0.0,0.0,0.0,0.0,1
img_06199.jpg,0.0,0.0,0.0,0.0,0.0,0.99,0.0,0.0,1
img_06105.jpg,0.0,0.0,0.0,0.0,0.0,0.99,0.0,0.0,1
img_02955.jpg,0.0,0.0,0.0,0.0,0.0,0.99,0.0,0.0,1
img_04120.jpg,0.0,0.0,0.0,0.0,0.0,0.0,0.0,0.99,1
img_05462.jpg,0.0,0.0,0.99,0.0,0.0,0.0,0.0,0.0,1
img_00184.jpg,0.0,0.0,0.0,0.0,0.0,0.0,0.0,0.99,1
img_04493.jpg,0.0,0.0,0.0,0.0,0.99,0.0,0.0,0.0,1
img_07275.jpg,0.0,0.0,0.0,0.0,0.0,0.0,0.0,0.99,1
img_01588.jpg,0.0,0.0,0.0,0.0,0.99,0.0,0.0,0.0,1
img_06072.jpg,0.0,0.0,0.0,0.0,0.0,0.0,0.0,0.99,1
img_03640.jpg,0.0,0.0,0.0,0.0,0.99,0.0,0.0,0.0,1
img_05617.jpg,0.0,0.0,0.0,0.0,0.0,0.0,0.0,0.99,1
img_02311.jpg,0.0,0.0,0.0,0.0,0.0,0.0,0.0,0.99,1
img_05632.jpg,0.0,0.0,0.0,0.0,0.0,0.0,0.0,0.99,1
img_00365.jpg,0.0,0.0,0.0,0.0,0.0,0.0,0.99,0.0,1
img_02100.jpg,0.0,0.0,0.99,0.0,0.0,0.0,0.0,0.0,1
img_00501.jpg,0.0,0.0,0.0,0.0,0.0,0.0,0.0,0.99,1
img_07923.jpg,0.0,0.0,0.0,0.0,0.0,0.99,0.0,0.0,1
img_07817.jpg,0.0,0.0,0.0,0.99,0.0,0.0,0.0,0.0,1
img_01428.jpg,0.0,0.0,0.0,0.0,0.0,0.99,0.0,0.0,1
img_03721.jpg,0.0,0.0,0.0,0.0,0.0,0.0,0.0,0.99,1
img_06171.jpg,0.0,0.0,0.0,0.0,0.0,0.0,0.0,0.99,1
img_02255.jpg,0.0,0.0,0.0,0.0,0.0,0.0,0.0,0.99,1
img_02727.jpg,0.0,0.0,0.0,0.0,0.0,0.0,0.0,0.99,1
img_01232.jpg,0.0,0.0,0.99,0.0,0.0,0.0,0.0,0.0,1
img_03826.jpg,0.0,0.0,0.0,0.0,0.99,0.0,0.0,0.0,1
img_03365.jpg,0.0,0.0,0.0,0.0,0.0,0.99,0.0,0.0,1
img_05081.jpg,0.0,0.0,0.0,0.99,0.0,0.0,0.0,0.0,1
img_02493.jpg,0.0,0.0,0.0,0.0,0.0,0.0,0.0,0.99,1
img_07533.jpg,0.0,0.0,0.0,0.0,0.0,0.0,0.99,0.0,1
img_02115.jpg,0.0,0.99,0.0,0.0,0.0,0.0,0.0,0.0,1
img_05019.jpg,0.0,0.0,0.0,0.0,0.0,0.0,0.99,0.0,1
img_01933.jpg,0.0,0.99,0.0,0.0,0.0,0.0,0.0,0.0,1
img_01692.jpg,0.0,0.0,0.0,0.0,0.0,0.99,0.0,0.0,1
img_06334.jpg,0.0,0.0,0.99,0.0,0.0,0.0,0.0,0.0,1
img_06920.jpg,0.0,0.0,0.0,0.0,0.0,0.0,0.0,0.99,1
img_07024.jpg,0.0,0.0,0.0,0.0,0.0,0.0,0.0,0.99,1
img_06996.jpg,0.0,0.0,0.0,0.0,0.99,0.0,0.0,0.0,1
img_04971.jpg,0.0,0.0,0.0,0.0,0.99,0.0,0.0,0.0,1
img_00630.jpg,0.0,0.99,0.0,0.0,0.0,0.0,0.0,0.0,1
img_00769.jpg,0.0,0.0,0.0,0.0,0.0,0.0,0.0,0.99,1
img_07399.jpg,0.0,0.0,0.0,0.0,0.0,0.99,0.0,0.0,1
img_07258.jpg,0.0,0.0,0.0,0.0,0.99,0.0,0.0,0.0,1
img_06452.jpg,0.0,0.0,0.0,0.0,0.0,0.0,0.0,0.99,1
img_07338.jpg,0.0,0.0,0.0,0.0,0.0,0.0,0.0,0.99,1
img_01953.jpg,0.0,0.0,0.0,0.0,0.0,0.0,0.0,0.99,1
img_01360.jpg,0.0,0.0,0.99,0.0,0.0,0.0,0.0,0.0,1
img_07429.jpg,0.0,0.0,0.0,0.0,0.0,0.0,0.0,0.99,1
img_00472.jpg,0.0,0.0,0.0,0.0,0.0,0.99,0.0,0.0,1
img_02349.jpg,0.0,0.0,0.0,0.99,0.0,0.0,0.0,0.0,1
img_06299.jpg,0.0,0.0,0.99,0.0,0.0,0.0,0.0,0.0,1
img_00313.jpg,0.0,0.0,0.0,0.0,0.0,0.0,0.0,0.99,1
img_00968.jpg,0.0,0.0,0.0,0.0,0.0,0.0,0.0,0.99,1
img_02218.jpg,0.0,0.0,0.0,0.0,0.0,0.0,0.0,0.99,1
img_00553.jpg,0.0,0.0,0.0,0.0,0.99,0.0,0.0,0.0,1
img_05249.jpg,0.0,0.0,0.0,0.0,0.0,0.0,0.99,0.0,1
img_02907.jpg,0.0,0.0,0.0,0.0,0.99,0.0,0.0,0.0,1
img_00720.jpg,0.0,0.0,0.0,0.0,0.99,0.0,0.0,0.0,1
img_06699.jpg,0.0,0.0,0.0,0.0,0.0,0.99,0.0,0.0,1
img_06384.jpg,0.0,0.99,0.0,0.0,0.0,0.0,0.0,0.0,1
img_06031.jpg,0.0,0.0,0.0,0.0,0.99,0.0,0.0,0.0,1
img_06763.jpg,0.0,0.0,0.0,0.0,0.0,0.0,0.0,0.99,1
img_02525.jpg,0.0,0.0,0.0,0.0,0.0,0.0,0.0,0.99,1
img_00945.jpg,0.0,0.0,0.0,0.0,0.0,0.0,0.0,0.99,1
img_04364.jpg,0.0,0.0,0.0,0.0,0.0,0.0,0.0,0.99,1
img_07074.jpg,0.0,0.0,0.0,0.0,0.0,0.0,0.0,0.99,1
img_03887.jpg,0.0,0.0,0.0,0.0,0.99,0.0,0.0,0.0,1
img_03916.jpg,0.0,0.0,0.0,0.0,0.99,0.0,0.0,0.0,1
img_04380.jpg,0.0,0.0,0.0,0.0,0.0,0.99,0.0,0.0,1
img_05782.jpg,0.0,0.0,0.99,0.0,0.0,0.0,0.0,0.0,1
img_03999.jpg,0.0,0.0,0.0,0.0,0.0,0.0,0.0,0.99,1
img_05680.jpg,0.0,0.0,0.0,0.0,0.0,0.0,0.0,0.99,1
img_04472.jpg,0.0,0.0,0.0,0.0,0.0,0.0,0.0,0.99,1
img_00412.jpg,0.0,0.0,0.0,0.0,0.0,0.99,0.0,0.0,1
img_00004.jpg,0.0,0.0,0.0,0.0,0.0,0.0,0.0,0.99,1
img_03689.jpg,0.0,0.0,0.99,0.0,0.0,0.0,0.0,0.0,1
img_06223.jpg,0.0,0.0,0.0,0.99,0.0,0.0,0.0,0.0,1
img_06444.jpg,0.0,0.0,0.0,0.0,0.0,0.0,0.99,0.0,1
img_05256.jpg,0.0,0.0,0.0,0.0,0.99,0.0,0.0,0.0,1
img_06773.jpg,0.0,0.0,0.99,0.0,0.0,0.0,0.0,0.0,1
img_01297.jpg,0.0,0.0,0.0,0.0,0.99,0.0,0.0,0.0,1
img_04952.jpg,0.0,0.0,0.0,0.0,0.0,0.0,0.0,0.99,1
img_07728.jpg,0.0,0.0,0.99,0.0,0.0,0.0,0.0,0.0,1
img_07130.jpg,0.0,0.0,0.0,0.0,0.0,0.0,0.0,0.99,1
img_06339.jpg,0.0,0.0,0.0,0.0,0.0,0.0,0.0,0.99,1
img_02168.jpg,0.0,0.99,0.0,0.0,0.0,0.0,0.0,0.0,1
img_00214.jpg,0.0,0.0,0.0,0.0,0.0,0.0,0.0,0.99,1
img_05945.jpg,0.0,0.0,0.0,0.99,0.0,0.0,0.0,0.0,1
img_02773.jpg,0.0,0.0,0.0,0.0,0.0,0.99,0.0,0.0,1
img_00531.jpg,0.0,0.99,0.0,0.0,0.0,0.0,0.0,0.0,1
img_00689.jpg,0.0,0.0,0.99,0.0,0.0,0.0,0.0,0.0,1
img_07286.jpg,0.0,0.0,0.0,0.0,0.0,0.0,0.0,0.99,1
img_00360.jpg,0.0,0.0,0.0,0.0,0.99,0.0,0.0,0.0,1
img_04854.jpg,0.0,0.0,0.0,0.0,0.0,0.0,0.99,0.0,1
img_01492.jpg,0.0,0.0,0.0,0.0,0.0,0.0,0.0,0.99,1
img_03367.jpg,0.0,0.0,0.0,0.0,0.0,0.0,0.0,0.99,1
img_01055.jpg,0.0,0.0,0.99,0.0,0.0,0.0,0.0,0.0,1
img_05252.jpg,0.0,0.99,0.0,0.0,0.0,0.0,0.0,0.0,1
img_02457.jpg,0.0,0.0,0.0,0.0,0.0,0.0,0.0,0.99,1
img_05716.jpg,0.0,0.0,0.0,0.0,0.99,0.0,0.0,0.0,1
img_00267.jpg,0.0,0.0,0.0,0.0,0.0,0.99,0.0,0.0,1
img_02177.jpg,0.0,0.0,0.0,0.0,0.0,0.99,0.0,0.0,1
img_00261.jpg,0.0,0.0,0.0,0.0,0.0,0.99,0.0,0.0,1
img_05571.jpg,0.0,0.0,0.99,0.0,0.0,0.0,0.0,0.0,1
img_06925.jpg,0.0,0.0,0.0,0.0,0.0,0.0,0.0,0.99,1
img_00658.jpg,0.0,0.0,0.0,0.0,0.99,0.0,0.0,0.0,1
img_06012.jpg,0.0,0.0,0.99,0.0,0.0,0.0,0.0,0.0,1
img_01747.jpg,0.0,0.0,0.0,0.0,0.0,0.0,0.0,0.99,1
img_05765.jpg,0.0,0.0,0.0,0.0,0.0,0.0,0.0,0.99,1
img_07282.jpg,0.0,0.0,0.0,0.0,0.0,0.0,0.99,0.0,1
img_05280.jpg,0.0,0.0,0.0,0.0,0.0,0.0,0.0,0.99,1
img_05323.jpg,0.0,0.0,0.0,0.0,0.0,0.0,0.0,0.99,1
img_04933.jpg,0.0,0.0,0.0,0.0,0.0,0.0,0.0,0.99,1
img_02463.jpg,0.0,0.0,0.0,0.0,0.0,0.0,0.0,0.99,1
img_00900.jpg,0.0,0.0,0.0,0.0,0.0,0.0,0.0,0.99,1
img_01626.jpg,0.0,0.0,0.0,0.0,0.99,0.0,0.0,0.0,1
img_04235.jpg,0.0,0.0,0.0,0.0,0.0,0.0,0.99,0.0,1
img_03351.jpg,0.0,0.0,0.0,0.0,0.0,0.0,0.99,0.0,1
img_03572.jpg,0.0,0.0,0.0,0.0,0.0,0.99,0.0,0.0,1
img_06499.jpg,0.0,0.0,0.0,0.0,0.99,0.0,0.0,0.0,1
img_01461.jpg,0.0,0.0,0.0,0.0,0.99,0.0,0.0,0.0,1
img_07556.jpg,0.0,0.0,0.0,0.0,0.0,0.0,0.99,0.0,1
img_04948.jpg,0.0,0.0,0.0,0.0,0.0,0.99,0.0,0.0,1
img_05540.jpg,0.0,0.0,0.0,0.0,0.0,0.99,0.0,0.0,1
img_03276.jpg,0.0,0.0,0.0,0.0,0.0,0.0,0.0,0.99,1
img_02387.jpg,0.0,0.0,0.0,0.0,0.0,0.0,0.0,0.99,1
img_00738.jpg,0.0,0.0,0.0,0.0,0.0,0.0,0.0,0.99,1
img_01094.jpg,0.0,0.0,0.0,0.0,0.99,0.0,0.0,0.0,1
img_02654.jpg,0.0,0.0,0.99,0.0,0.0,0.0,0.0,0.0,1
img_06839.jpg,0.0,0.0,0.0,0.0,0.99,0.0,0.0,0.0,1
img_05367.jpg,0.0,0.0,0.99,0.0,0.0,0.0,0.0,0.0,1
img_04253.jpg,0.0,0.0,0.0,0.0,0.0,0.99,0.0,0.0,1
img_00084.jpg,0.0,0.0,0.0,0.0,0.99,0.0,0.0,0.0,1
img_00210.jpg,0.0,0.0,0.0,0.0,0.99,0.0,0.0,0.0,1
img_00089.jpg,0.0,0.0,0.0,0.0,0.99,0.0,0.0,0.0,1
img_02579.jpg,0.0,0.0,0.0,0.0,0.0,0.0,0.0,0.99,1
img_02990.jpg,0.0,0.0,0.0,0.0,0.0,0.0,0.0,0.99,1
img_05143.jpg,0.0,0.0,0.0,0.0,0.0,0.0,0.0,0.99,1
img_00471.jpg,0.0,0.0,0.0,0.0,0.99,0.0,0.0,0.0,1
img_07100.jpg,0.0,0.0,0.0,0.0,0.99,0.0,0.0,0.0,1
img_01974.jpg,0.0,0.0,0.0,0.0,0.0,0.0,0.0,0.99,1
img_07010.jpg,0.0,0.0,0.0,0.99,0.0,0.0,0.0,0.0,1
img_06579.jpg,0.0,0.0,0.99,0.0,0.0,0.0,0.0,0.0,1
img_02258.jpg,0.0,0.0,0.0,0.0,0.0,0.0,0.0,0.99,1
img_03359.jpg,0.0,0.0,0.0,0.0,0.99,0.0,0.0,0.0,1
img_00266.jpg,0.0,0.0,0.0,0.0,0.99,0.0,0.0,0.0,1
img_05050.jpg,0.0,0.0,0.0,0.0,0.99,0.0,0.0,0.0,1
img_01714.jpg,0.0,0.0,0.0,0.0,0.99,0.0,0.0,0.0,1
img_05903.jpg,0.0,0.0,0.0,0.0,0.0,0.0,0.0,0.99,1
img_00176.jpg,0.0,0.0,0.0,0.99,0.0,0.0,0.0,0.0,1
img_04769.jpg,0.0,0.0,0.0,0.0,0.0,0.99,0.0,0.0,1
img_04473.jpg,0.0,0.0,0.0,0.0,0.0,0.0,0.0,0.99,1
img_00359.jpg,0.0,0.0,0.0,0.0,0.0,0.99,0.0,0.0,1
img_07544.jpg,0.0,0.0,0.0,0.0,0.99,0.0,0.0,0.0,1
img_05858.jpg,0.0,0.99,0.0,0.0,0.0,0.0,0.0,0.0,1
img_05346.jpg,0.0,0.99,0.0,0.0,0.0,0.0,0.0,0.0,1
img_01019.jpg,0.0,0.0,0.0,0.0,0.0,0.99,0.0,0.0,1
img_05333.jpg,0.0,0.0,0.0,0.0,0.0,0.0,0.0,0.99,1
img_02760.jpg,0.0,0.0,0.0,0.0,0.0,0.99,0.0,0.0,1
img_02364.jpg,0.0,0.0,0.0,0.0,0.0,0.0,0.0,0.99,1
img_02597.jpg,0.0,0.0,0.0,0.0,0.0,0.0,0.0,0.99,1
img_03065.jpg,0.0,0.0,0.0,0.0,0.0,0.0,0.0,0.99,1
img_01769.jpg,0.0,0.0,0.0,0.0,0.0,0.0,0.0,0.99,1
img_06822.jpg,0.0,0.0,0.0,0.0,0.0,0.0,0.0,0.99,1
img_07839.jpg,0.0,0.0,0.0,0.0,0.0,0.99,0.0,0.0,1
img_07359.jpg,0.0,0.0,0.0,0.0,0.0,0.99,0.0,0.0,1
img_05239.jpg,0.0,0.0,0.0,0.0,0.0,0.99,0.0,0.0,1
img_06132.jpg,0.0,0.0,0.0,0.0,0.0,0.0,0.0,0.99,1
img_06287.jpg,0.0,0.99,0.0,0.0,0.0,0.0,0.0,0.0,1
img_03611.jpg,0.0,0.0,0.0,0.99,0.0,0.0,0.0,0.0,1
img_04857.jpg,0.0,0.0,0.0,0.0,0.0,0.0,0.99,0.0,1
img_03480.jpg,0.0,0.0,0.0,0.0,0.0,0.0,0.0,0.99,1
img_04166.jpg,0.0,0.0,0.0,0.0,0.99,0.0,0.0,0.0,1
img_03009.jpg,0.0,0.0,0.0,0.0,0.99,0.0,0.0,0.0,1
img_06303.jpg,0.0,0.0,0.0,0.0,0.0,0.0,0.99,0.0,1
img_01007.jpg,0.0,0.0,0.0,0.0,0.0,0.0,0.0,0.99,1
img_03121.jpg,0.0,0.0,0.0,0.0,0.0,0.0,0.0,0.99,1
img_03846.jpg,0.0,0.99,0.0,0.0,0.0,0.0,0.0,0.0,1
img_04544.jpg,0.0,0.0,0.0,0.0,0.99,0.0,0.0,0.0,1
img_03607.jpg,0.0,0.0,0.0,0.0,0.0,0.0,0.0,0.99,1
img_04741.jpg,0.0,0.0,0.0,0.99,0.0,0.0,0.0,0.0,1
img_06050.jpg,0.0,0.0,0.0,0.0,0.99,0.0,0.0,0.0,1
img_05369.jpg,0.0,0.99,0.0,0.0,0.0,0.0,0.0,0.0,1
img_07226.jpg,0.0,0.0,0.0,0.0,0.0,0.0,0.0,0.99,1
img_00685.jpg,0.0,0.0,0.0,0.0,0.0,0.0,0.99,0.0,1
img_00890.jpg,0.0,0.0,0.0,0.0,0.0,0.0,0.0,0.99,1
img_00748.jpg,0.0,0.0,0.0,0.0,0.99,0.0,0.0,0.0,1
img_04162.jpg,0.0,0.0,0.0,0.0,0.99,0.0,0.0,0.0,1
img_06257.jpg,0.0,0.0,0.0,0.99,0.0,0.0,0.0,0.0,1
img_03022.jpg,0.0,0.0,0.0,0.0,0.0,0.99,0.0,0.0,1
img_03002.jpg,0.0,0.0,0.0,0.0,0.99,0.0,0.0,0.0,1
img_05762.jpg,0.0,0.0,0.0,0.0,0.0,0.0,0.99,0.0,1
img_01161.jpg,0.0,0.0,0.0,0.0,0.0,0.0,0.99,0.0,1
img_06599.jpg,0.0,0.0,0.0,0.0,0.0,0.0,0.0,0.99,1
img_02585.jpg,0.0,0.0,0.0,0.0,0.0,0.0,0.0,0.99,1
img_04228.jpg,0.0,0.0,0.0,0.0,0.99,0.0,0.0,0.0,1
img_04509.jpg,0.0,0.0,0.0,0.0,0.99,0.0,0.0,0.0,1
img_01254.jpg,0.0,0.0,0.0,0.0,0.0,0.0,0.0,0.99,1
img_00645.jpg,0.0,0.0,0.0,0.0,0.99,0.0,0.0,0.0,1
img_06898.jpg,0.0,0.0,0.0,0.0,0.0,0.0,0.0,0.99,1
img_02150.jpg,0.0,0.0,0.0,0.0,0.0,0.0,0.0,0.99,1
img_04359.jpg,0.0,0.0,0.0,0.0,0.0,0.0,0.99,0.0,1
img_01156.jpg,0.0,0.0,0.0,0.0,0.0,0.0,0.0,0.99,1
img_00122.jpg,0.0,0.0,0.0,0.0,0.99,0.0,0.0,0.0,1
img_00542.jpg,0.0,0.99,0.0,0.0,0.0,0.0,0.0,0.0,1
img_05774.jpg,0.0,0.0,0.0,0.0,0.0,0.0,0.0,0.99,1
img_00011.jpg,0.0,0.0,0.0,0.0,0.99,0.0,0.0,0.0,1
img_02802.jpg,0.0,0.0,0.0,0.0,0.0,0.99,0.0,0.0,1
img_01606.jpg,0.0,0.0,0.0,0.0,0.0,0.0,0.0,0.99,1
img_04619.jpg,0.0,0.99,0.0,0.0,0.0,0.0,0.0,0.0,1
img_05506.jpg,0.0,0.0,0.0,0.0,0.0,0.0,0.0,0.99,1
img_02934.jpg,0.0,0.0,0.0,0.0,0.0,0.0,0.0,0.99,1
img_01375.jpg,0.0,0.0,0.0,0.0,0.0,0.0,0.0,0.99,1
img_02169.jpg,0.0,0.0,0.0,0.0,0.0,0.0,0.99,0.0,1
img_02748.jpg,0.0,0.0,0.0,0.0,0.0,0.0,0.0,0.99,1
img_05170.jpg,0.0,0.0,0.0,0.0,0.0,0.0,0.0,0.99,1
img_00052.jpg,0.0,0.0,0.0,0.0,0.0,0.0,0.0,0.99,1
img_05855.jpg,0.0,0.0,0.0,0.0,0.99,0.0,0.0,0.0,1
img_07198.jpg,0.0,0.0,0.0,0.0,0.99,0.0,0.0,0.0,1
img_01568.jpg,0.0,0.0,0.0,0.0,0.99,0.0,0.0,0.0,1
img_03791.jpg,0.0,0.0,0.0,0.0,0.0,0.0,0.99,0.0,1
img_02094.jpg,0.0,0.0,0.0,0.0,0.0,0.0,0.99,0.0,1
img_02543.jpg,0.0,0.0,0.0,0.0,0.0,0.99,0.0,0.0,1
img_07095.jpg,0.0,0.0,0.0,0.0,0.0,0.0,0.0,0.99,1
img_05656.jpg,0.0,0.0,0.0,0.0,0.0,0.0,0.0,0.99,1
img_04533.jpg,0.0,0.0,0.0,0.0,0.0,0.0,0.0,0.99,1
img_02595.jpg,0.0,0.0,0.0,0.0,0.0,0.99,0.0,0.0,1
img_03727.jpg,0.0,0.0,0.99,0.0,0.0,0.0,0.0,0.0,1
img_00573.jpg,0.0,0.0,0.0,0.0,0.0,0.0,0.0,0.99,1
img_07857.jpg,0.0,0.0,0.0,0.0,0.0,0.0,0.99,0.0,1
img_01546.jpg,0.0,0.0,0.0,0.0,0.0,0.0,0.99,0.0,1
img_01879.jpg,0.0,0.0,0.0,0.0,0.0,0.99,0.0,0.0,1
img_02013.jpg,0.0,0.0,0.0,0.0,0.99,0.0,0.0,0.0,1
img_02202.jpg,0.0,0.0,0.0,0.0,0.0,0.99,0.0,0.0,1
img_02198.jpg,0.0,0.0,0.0,0.0,0.0,0.99,0.0,0.0,1
img_05984.jpg,0.0,0.0,0.0,0.0,0.99,0.0,0.0,0.0,1
img_05065.jpg,0.0,0.99,0.0,0.0,0.0,0.0,0.0,0.0,1
img_05655.jpg,0.0,0.0,0.0,0.0,0.0,0.0,0.0,0.99,1
img_07484.jpg,0.0,0.0,0.0,0.0,0.0,0.0,0.99,0.0,1
img_07427.jpg,0.0,0.0,0.0,0.0,0.0,0.0,0.0,0.99,1
img_03271.jpg,0.0,0.0,0.0,0.0,0.99,0.0,0.0,0.0,1
img_04304.jpg,0.0,0.99,0.0,0.0,0.0,0.0,0.0,0.0,1
img_06542.jpg,0.0,0.99,0.0,0.0,0.0,0.0,0.0,0.0,1
img_00589.jpg,0.0,0.0,0.0,0.0,0.0,0.99,0.0,0.0,1
img_00725.jpg,0.0,0.0,0.0,0.0,0.99,0.0,0.0,0.0,1
img_07828.jpg,0.0,0.0,0.0,0.0,0.0,0.0,0.0,0.99,1
img_02271.jpg,0.0,0.0,0.0,0.0,0.0,0.0,0.99,0.0,1
img_06145.jpg,0.0,0.0,0.0,0.0,0.0,0.0,0.0,0.99,1
img_05461.jpg,0.0,0.0,0.0,0.0,0.99,0.0,0.0,0.0,1
img_04676.jpg,0.0,0.0,0.99,0.0,0.0,0.0,0.0,0.0,1
img_02959.jpg,0.0,0.0,0.0,0.0,0.0,0.99,0.0,0.0,1
img_04430.jpg,0.0,0.0,0.0,0.0,0.99,0.0,0.0,0.0,1
img_05666.jpg,0.0,0.0,0.0,0.0,0.99,0.0,0.0,0.0,1
img_05128.jpg,0.0,0.0,0.0,0.0,0.0,0.0,0.0,0.99,1
img_05685.jpg,0.0,0.0,0.0,0.0,0.0,0.0,0.99,0.0,1
img_05535.jpg,0.0,0.0,0.0,0.0,0.99,0.0,0.0,0.0,1
img_04216.jpg,0.0,0.0,0.0,0.0,0.99,0.0,0.0,0.0,1
img_04672.jpg,0.0,0.99,0.0,0.0,0.0,0.0,0.0,0.0,1
img_00118.jpg,0.0,0.0,0.0,0.0,0.0,0.0,0.0,0.99,1
img_01335.jpg,0.0,0.0,0.0,0.0,0.0,0.0,0.0,0.99,1
img_00752.jpg,0.0,0.0,0.0,0.0,0.0,0.0,0.0,0.99,1
img_07613.jpg,0.0,0.0,0.0,0.0,0.0,0.0,0.0,0.99,1
img_03765.jpg,0.0,0.0,0.0,0.0,0.99,0.0,0.0,0.0,1
img_05971.jpg,0.0,0.0,0.99,0.0,0.0,0.0,0.0,0.0,1
img_04686.jpg,0.0,0.0,0.0,0.0,0.99,0.0,0.0,0.0,1
img_05399.jpg,0.0,0.0,0.0,0.0,0.0,0.0,0.99,0.0,1
img_03117.jpg,0.0,0.0,0.0,0.0,0.0,0.0,0.99,0.0,1
img_03525.jpg,0.0,0.0,0.0,0.0,0.0,0.0,0.99,0.0,1
img_05928.jpg,0.0,0.0,0.0,0.0,0.99,0.0,0.0,0.0,1
img_01662.jpg,0.0,0.0,0.0,0.0,0.0,0.0,0.0,0.99,1
img_04064.jpg,0.0,0.0,0.0,0.0,0.0,0.99,0.0,0.0,1
img_05300.jpg,0.0,0.0,0.0,0.0,0.0,0.0,0.99,0.0,1
img_06336.jpg,0.0,0.0,0.0,0.0,0.0,0.0,0.0,0.99,1
img_00801.jpg,0.0,0.0,0.0,0.0,0.0,0.0,0.0,0.99,1
img_01003.jpg,0.0,0.99,0.0,0.0,0.0,0.0,0.0,0.0,1
img_07042.jpg,0.0,0.0,0.0,0.0,0.0,0.99,0.0,0.0,1
img_03366.jpg,0.0,0.99,0.0,0.0,0.0,0.0,0.0,0.0,1
img_02113.jpg,0.0,0.0,0.0,0.0,0.0,0.0,0.0,0.99,1
img_00225.jpg,0.0,0.99,0.0,0.0,0.0,0.0,0.0,0.0,1
img_05005.jpg,0.0,0.0,0.0,0.99,0.0,0.0,0.0,0.0,1
img_01757.jpg,0.0,0.0,0.99,0.0,0.0,0.0,0.0,0.0,1
img_01498.jpg,0.0,0.0,0.0,0.0,0.0,0.0,0.0,0.99,1
img_04077.jpg,0.0,0.0,0.0,0.0,0.0,0.0,0.0,0.99,1
img_04702.jpg,0.0,0.0,0.0,0.0,0.0,0.99,0.0,0.0,1
img_01424.jpg,0.0,0.0,0.0,0.0,0.99,0.0,0.0,0.0,1
img_00639.jpg,0.0,0.0,0.0,0.0,0.0,0.99,0.0,0.0,1
img_07400.jpg,0.0,0.0,0.0,0.0,0.0,0.0,0.0,0.99,1
img_06316.jpg,0.0,0.0,0.0,0.0,0.0,0.0,0.0,0.99,1
img_01912.jpg,0.0,0.99,0.0,0.0,0.0,0.0,0.0,0.0,1
img_07309.jpg,0.0,0.0,0.0,0.0,0.0,0.0,0.0,0.99,1
img_00583.jpg,0.0,0.99,0.0,0.0,0.0,0.0,0.0,0.0,1
img_00781.jpg,0.0,0.0,0.0,0.0,0.0,0.99,0.0,0.0,1
img_01656.jpg,0.0,0.0,0.0,0.0,0.0,0.99,0.0,0.0,1
img_07415.jpg,0.0,0.0,0.0,0.0,0.0,0.99,0.0,0.0,1
img_01701.jpg,0.0,0.0,0.0,0.0,0.99,0.0,0.0,0.0,1
img_06500.jpg,0.0,0.0,0.0,0.0,0.0,0.0,0.0,0.99,1
img_00903.jpg,0.0,0.0,0.0,0.0,0.0,0.0,0.99,0.0,1
img_07918.jpg,0.0,0.0,0.0,0.0,0.99,0.0,0.0,0.0,1
img_06825.jpg,0.0,0.99,0.0,0.0,0.0,0.0,0.0,0.0,1
img_05024.jpg,0.0,0.0,0.0,0.0,0.0,0.0,0.0,0.99,1
img_06284.jpg,0.0,0.0,0.99,0.0,0.0,0.0,0.0,0.0,1
img_06083.jpg,0.0,0.0,0.0,0.0,0.99,0.0,0.0,0.0,1
img_03922.jpg,0.0,0.0,0.99,0.0,0.0,0.0,0.0,0.0,1
img_00566.jpg,0.0,0.0,0.0,0.0,0.0,0.0,0.0,0.99,1
img_00485.jpg,0.0,0.0,0.0,0.0,0.0,0.99,0.0,0.0,1
img_07849.jpg,0.0,0.0,0.0,0.0,0.0,0.0,0.0,0.99,1
img_02970.jpg,0.0,0.0,0.0,0.0,0.99,0.0,0.0,0.0,1
img_01008.jpg,0.0,0.0,0.0,0.0,0.0,0.0,0.0,0.99,1
img_02845.jpg,0.0,0.0,0.0,0.0,0.0,0.0,0.0,0.99,1
img_01042.jpg,0.0,0.0,0.99,0.0,0.0,0.0,0.0,0.0,1
img_03582.jpg,0.0,0.0,0.0,0.0,0.99,0.0,0.0,0.0,1
img_05380.jpg,0.0,0.0,0.0,0.0,0.0,0.0,0.0,0.99,1
img_06515.jpg,0.0,0.0,0.0,0.0,0.99,0.0,0.0,0.0,1
img_02102.jpg,0.0,0.0,0.0,0.0,0.99,0.0,0.0,0.0,1
img_06786.jpg,0.0,0.0,0.0,0.0,0.0,0.0,0.99,0.0,1
img_04021.jpg,0.0,0.0,0.0,0.0,0.0,0.0,0.0,0.99,1
img_05866.jpg,0.0,0.0,0.0,0.0,0.99,0.0,0.0,0.0,1
img_01452.jpg,0.0,0.0,0.0,0.0,0.0,0.99,0.0,0.0,1
img_02469.jpg,0.0,0.0,0.0,0.0,0.0,0.0,0.99,0.0,1
img_06660.jpg,0.0,0.0,0.0,0.0,0.0,0.0,0.0,0.99,1
img_06769.jpg,0.0,0.0,0.0,0.0,0.0,0.0,0.0,0.99,1
img_06666.jpg,0.0,0.0,0.0,0.0,0.0,0.0,0.0,0.99,1
img_01459.jpg,0.0,0.0,0.0,0.0,0.99,0.0,0.0,0.0,1
img_00651.jpg,0.0,0.0,0.0,0.0,0.99,0.0,0.0,0.0,1
img_04457.jpg,0.0,0.0,0.0,0.0,0.99,0.0,0.0,0.0,1
img_04801.jpg,0.0,0.0,0.0,0.0,0.0,0.0,0.0,0.99,1
img_06536.jpg,0.0,0.0,0.0,0.99,0.0,0.0,0.0,0.0,1
img_03183.jpg,0.0,0.0,0.0,0.0,0.0,0.0,0.0,0.99,1
img_07752.jpg,0.0,0.0,0.0,0.0,0.0,0.0,0.0,0.99,1
img_00367.jpg,0.0,0.0,0.0,0.0,0.99,0.0,0.0,0.0,1
img_02331.jpg,0.0,0.0,0.0,0.0,0.0,0.99,0.0,0.0,1
img_04851.jpg,0.0,0.0,0.0,0.0,0.0,0.99,0.0,0.0,1
img_03029.jpg,0.0,0.0,0.0,0.0,0.99,0.0,0.0,0.0,1
img_04045.jpg,0.0,0.0,0.0,0.0,0.99,0.0,0.0,0.0,1
img_07265.jpg,0.0,0.0,0.99,0.0,0.0,0.0,0.0,0.0,1
img_05748.jpg,0.0,0.99,0.0,0.0,0.0,0.0,0.0,0.0,1
img_06675.jpg,0.0,0.0,0.0,0.0,0.99,0.0,0.0,0.0,1
img_00315.jpg,0.0,0.0,0.0,0.0,0.99,0.0,0.0,0.0,1
img_00969.jpg,0.0,0.0,0.0,0.0,0.0,0.0,0.0,0.99,1
img_02274.jpg,0.0,0.0,0.0,0.0,0.0,0.0,0.0,0.99,1
img_07287.jpg,0.0,0.0,0.0,0.0,0.0,0.0,0.0,0.99,1
img_00279.jpg,0.0,0.0,0.0,0.0,0.0,0.0,0.0,0.99,1
img_07795.jpg,0.0,0.99,0.0,0.0,0.0,0.0,0.0,0.0,1
img_05645.jpg,0.0,0.0,0.0,0.0,0.0,0.99,0.0,0.0,1
img_00949.jpg,0.0,0.0,0.0,0.0,0.99,0.0,0.0,0.0,1
img_06220.jpg,0.0,0.0,0.0,0.0,0.0,0.0,0.99,0.0,1
img_00008.jpg,0.0,0.0,0.0,0.0,0.99,0.0,0.0,0.0,1
img_03059.jpg,0.0,0.0,0.0,0.0,0.99,0.0,0.0,0.0,1
img_06803.jpg,0.0,0.0,0.0,0.0,0.99,0.0,0.0,0.0,1
img_00694.jpg,0.0,0.0,0.0,0.0,0.0,0.0,0.0,0.99,1
img_05183.jpg,0.0,0.0,0.0,0.0,0.0,0.0,0.0,0.99,1
img_02790.jpg,0.0,0.0,0.0,0.0,0.0,0.0,0.99,0.0,1
img_05014.jpg,0.0,0.0,0.0,0.0,0.0,0.0,0.0,0.99,1
img_02087.jpg,0.0,0.0,0.0,0.0,0.0,0.0,0.99,0.0,1
img_05012.jpg,0.0,0.0,0.0,0.0,0.99,0.0,0.0,0.0,1
img_03824.jpg,0.0,0.0,0.0,0.0,0.0,0.0,0.0,0.99,1
img_04238.jpg,0.0,0.0,0.0,0.0,0.0,0.99,0.0,0.0,1
img_05891.jpg,0.0,0.0,0.0,0.0,0.99,0.0,0.0,0.0,1
img_06984.jpg,0.0,0.0,0.0,0.0,0.0,0.99,0.0,0.0,1
img_04941.jpg,0.0,0.0,0.0,0.0,0.99,0.0,0.0,0.0,1
img_04516.jpg,0.0,0.0,0.0,0.0,0.0,0.0,0.0,0.99,1
img_03759.jpg,0.0,0.99,0.0,0.0,0.0,0.0,0.0,0.0,1
img_01667.jpg,0.0,0.0,0.0,0.0,0.99,0.0,0.0,0.0,1
img_07825.jpg,0.0,0.99,0.0,0.0,0.0,0.0,0.0,0.0,1
img_02368.jpg,0.0,0.0,0.0,0.0,0.0,0.0,0.0,0.99,1
img_03843.jpg,0.0,0.0,0.99,0.0,0.0,0.0,0.0,0.0,1
img_01712.jpg,0.0,0.0,0.0,0.0,0.0,0.0,0.0,0.99,1
img_05319.jpg,0.0,0.0,0.0,0.0,0.99,0.0,0.0,0.0,1
img_01678.jpg,0.0,0.0,0.0,0.0,0.0,0.99,0.0,0.0,1
img_04366.jpg,0.0,0.0,0.0,0.0,0.0,0.99,0.0,0.0,1
img_01406.jpg,0.0,0.0,0.0,0.0,0.0,0.0,0.99,0.0,1
img_06596.jpg,0.0,0.0,0.0,0.0,0.99,0.0,0.0,0.0,1
img_06569.jpg,0.0,0.0,0.0,0.0,0.0,0.0,0.0,0.99,1
img_00703.jpg,0.0,0.0,0.0,0.0,0.0,0.0,0.99,0.0,1
img_06256.jpg,0.0,0.0,0.0,0.0,0.99,0.0,0.0,0.0,1
img_02053.jpg,0.0,0.0,0.0,0.0,0.0,0.0,0.0,0.99,1
img_04828.jpg,0.0,0.0,0.0,0.0,0.99,0.0,0.0,0.0,1
img_00251.jpg,0.0,0.0,0.0,0.0,0.99,0.0,0.0,0.0,1
img_04688.jpg,0.0,0.0,0.0,0.0,0.0,0.0,0.0,0.99,1
img_01013.jpg,0.0,0.0,0.0,0.0,0.99,0.0,0.0,0.0,1
img_00783.jpg,0.0,0.0,0.0,0.0,0.0,0.0,0.0,0.99,1
img_06478.jpg,0.0,0.0,0.0,0.0,0.99,0.0,0.0,0.0,1
img_05592.jpg,0.0,0.0,0.0,0.0,0.0,0.0,0.0,0.99,1
img_04159.jpg,0.0,0.0,0.0,0.0,0.0,0.0,0.0,0.99,1
img_01596.jpg,0.0,0.0,0.99,0.0,0.0,0.0,0.0,0.0,1
img_05574.jpg,0.0,0.0,0.0,0.0,0.0,0.0,0.0,0.99,1
img_04670.jpg,0.0,0.99,0.0,0.0,0.0,0.0,0.0,0.0,1
img_03298.jpg,0.0,0.0,0.0,0.0,0.0,0.99,0.0,0.0,1
img_06476.jpg,0.0,0.0,0.0,0.0,0.99,0.0,0.0,0.0,1
img_02419.jpg,0.0,0.0,0.0,0.0,0.0,0.99,0.0,0.0,1
img_06889.jpg,0.0,0.0,0.0,0.0,0.99,0.0,0.0,0.0,1
img_06495.jpg,0.0,0.0,0.0,0.0,0.99,0.0,0.0,0.0,1
img_00127.jpg,0.0,0.0,0.0,0.0,0.0,0.99,0.0,0.0,1
img_04557.jpg,0.0,0.99,0.0,0.0,0.0,0.0,0.0,0.0,1
img_07379.jpg,0.0,0.0,0.0,0.0,0.99,0.0,0.0,0.0,1
img_04680.jpg,0.0,0.0,0.0,0.0,0.0,0.99,0.0,0.0,1
img_01311.jpg,0.0,0.0,0.99,0.0,0.0,0.0,0.0,0.0,1
img_05797.jpg,0.0,0.99,0.0,0.0,0.0,0.0,0.0,0.0,1
img_05733.jpg,0.0,0.0,0.0,0.0,0.99,0.0,0.0,0.0,1
img_00631.jpg,0.0,0.0,0.0,0.0,0.0,0.99,0.0,0.0,1
img_05070.jpg,0.0,0.0,0.0,0.0,0.0,0.99,0.0,0.0,1
img_07139.jpg,0.0,0.0,0.0,0.0,0.0,0.99,0.0,0.0,1
img_00851.jpg,0.0,0.0,0.0,0.0,0.0,0.99,0.0,0.0,1
img_03530.jpg,0.0,0.0,0.0,0.0,0.0,0.99,0.0,0.0,1
img_05704.jpg,0.0,0.0,0.0,0.0,0.0,0.99,0.0,0.0,1
img_07598.jpg,0.0,0.0,0.0,0.0,0.99,0.0,0.0,0.0,1
img_07115.jpg,0.0,0.0,0.0,0.0,0.99,0.0,0.0,0.0,1
img_01677.jpg,0.0,0.0,0.0,0.0,0.99,0.0,0.0,0.0,1
img_01471.jpg,0.0,0.0,0.99,0.0,0.0,0.0,0.0,0.0,1
img_02394.jpg,0.0,0.0,0.0,0.0,0.99,0.0,0.0,0.0,1
img_00099.jpg,0.0,0.0,0.0,0.0,0.99,0.0,0.0,0.0,1
img_06266.jpg,0.0,0.0,0.0,0.0,0.99,0.0,0.0,0.0,1
img_05115.jpg,0.0,0.0,0.0,0.0,0.99,0.0,0.0,0.0,1
img_00107.jpg,0.0,0.99,0.0,0.0,0.0,0.0,0.0,0.0,1
img_02511.jpg,0.0,0.0,0.0,0.0,0.0,0.99,0.0,0.0,1
img_04928.jpg,0.0,0.0,0.0,0.0,0.0,0.99,0.0,0.0,1
img_03528.jpg,0.0,0.0,0.0,0.0,0.99,0.0,0.0,0.0,1
img_02042.jpg,0.0,0.0,0.0,0.99,0.0,0.0,0.0,0.0,1
img_05736.jpg,0.0,0.99,0.0,0.0,0.0,0.0,0.0,0.0,1
img_03259.jpg,0.0,0.0,0.99,0.0,0.0,0.0,0.0,0.0,1
img_06610.jpg,0.0,0.0,0.0,0.0,0.99,0.0,0.0,0.0,1
img_07847.jpg,0.0,0.0,0.0,0.0,0.99,0.0,0.0,0.0,1
img_06940.jpg,0.0,0.0,0.0,0.0,0.99,0.0,0.0,0.0,1
img_05133.jpg,0.0,0.0,0.0,0.0,0.0,0.99,0.0,0.0,1
img_02007.jpg,0.0,0.99,0.0,0.0,0.0,0.0,0.0,0.0,1
img_07860.jpg,0.0,0.0,0.0,0.0,0.0,0.0,0.99,0.0,1
img_06111.jpg,0.0,0.0,0.0,0.0,0.0,0.99,0.0,0.0,1
img_04199.jpg,0.0,0.0,0.0,0.99,0.0,0.0,0.0,0.0,1
img_04568.jpg,0.0,0.99,0.0,0.0,0.0,0.0,0.0,0.0,1
img_04744.jpg,0.0,0.99,0.0,0.0,0.0,0.0,0.0,0.0,1
img_01497.jpg,0.0,0.0,0.0,0.0,0.99,0.0,0.0,0.0,1
img_04481.jpg,0.0,0.0,0.0,0.99,0.0,0.0,0.0,0.0,1
img_05274.jpg,0.0,0.0,0.0,0.0,0.0,0.99,0.0,0.0,1
img_04785.jpg,0.0,0.0,0.0,0.0,0.99,0.0,0.0,0.0,1
img_02608.jpg,0.0,0.0,0.0,0.99,0.0,0.0,0.0,0.0,1
img_02139.jpg,0.0,0.99,0.0,0.0,0.0,0.0,0.0,0.0,1
img_00821.jpg,0.0,0.0,0.0,0.0,0.0,0.99,0.0,0.0,1
img_05178.jpg,0.0,0.0,0.0,0.0,0.99,0.0,0.0,0.0,1
img_07164.jpg,0.0,0.99,0.0,0.0,0.0,0.0,0.0,0.0,1
img_01780.jpg,0.0,0.0,0.0,0.0,0.0,0.0,0.99,0.0,1
img_05444.jpg,0.0,0.0,0.99,0.0,0.0,0.0,0.0,0.0,1
img_00178.jpg,0.0,0.0,0.0,0.0,0.99,0.0,0.0,0.0,1
img_00657.jpg,0.0,0.0,0.0,0.99,0.0,0.0,0.0,0.0,1
img_00231.jpg,0.0,0.99,0.0,0.0,0.0,0.0,0.0,0.0,1
img_07440.jpg,0.0,0.99,0.0,0.0,0.0,0.0,0.0,0.0,1
img_02259.jpg,0.0,0.0,0.0,0.0,0.0,0.0,0.99,0.0,1
img_02732.jpg,0.0,0.0,0.0,0.0,0.0,0.0,0.99,0.0,1
img_02524.jpg,0.0,0.0,0.0,0.0,0.99,0.0,0.0,0.0,1
img_01002.jpg,0.0,0.99,0.0,0.0,0.0,0.0,0.0,0.0,1
img_04891.jpg,0.0,0.99,0.0,0.0,0.0,0.0,0.0,0.0,1
img_07457.jpg,0.0,0.0,0.0,0.0,0.0,0.99,0.0,0.0,1
img_03807.jpg,0.0,0.0,0.0,0.0,0.0,0.99,0.0,0.0,1
img_06244.jpg,0.0,0.0,0.99,0.0,0.0,0.0,0.0,0.0,1
img_05616.jpg,0.0,0.99,0.0,0.0,0.0,0.0,0.0,0.0,1
img_01299.jpg,0.0,0.99,0.0,0.0,0.0,0.0,0.0,0.0,1
img_03383.jpg,0.0,0.0,0.0,0.0,0.0,0.99,0.0,0.0,1
img_05894.jpg,0.0,0.0,0.99,0.0,0.0,0.0,0.0,0.0,1
img_05413.jpg,0.0,0.0,0.0,0.0,0.0,0.99,0.0,0.0,1
img_05689.jpg,0.0,0.0,0.0,0.0,0.0,0.99,0.0,0.0,1
img_04365.jpg,0.0,0.0,0.0,0.0,0.99,0.0,0.0,0.0,1
img_03997.jpg,0.0,0.0,0.99,0.0,0.0,0.0,0.0,0.0,1
img_07305.jpg,0.0,0.0,0.0,0.0,0.0,0.99,0.0,0.0,1
img_05751.jpg,0.0,0.0,0.0,0.0,0.0,0.99,0.0,0.0,1
img_04614.jpg,0.0,0.0,0.99,0.0,0.0,0.0,0.0,0.0,1
img_00456.jpg,0.0,0.0,0.0,0.0,0.99,0.0,0.0,0.0,1
img_06772.jpg,0.0,0.99,0.0,0.0,0.0,0.0,0.0,0.0,1
img_02599.jpg,0.0,0.0,0.99,0.0,0.0,0.0,0.0,0.0,1
img_02316.jpg,0.0,0.0,0.0,0.0,0.99,0.0,0.0,0.0,1
img_01432.jpg,0.0,0.0,0.0,0.0,0.0,0.0,0.99,0.0,1
img_00529.jpg,0.0,0.0,0.0,0.0,0.99,0.0,0.0,0.0,1
img_02196.jpg,0.0,0.99,0.0,0.0,0.0,0.0,0.0,0.0,1
img_03091.jpg,0.0,0.0,0.0,0.0,0.99,0.0,0.0,0.0,1
img_00691.jpg,0.0,0.0,0.0,0.0,0.0,0.99,0.0,0.0,1
img_02343.jpg,0.0,0.99,0.0,0.0,0.0,0.0,0.0,0.0,1
img_01560.jpg,0.0,0.0,0.0,0.0,0.99,0.0,0.0,0.0,1
img_05194.jpg,0.0,0.99,0.0,0.0,0.0,0.0,0.0,0.0,1
img_03206.jpg,0.0,0.0,0.0,0.0,0.99,0.0,0.0,0.0,1
img_02138.jpg,0.0,0.99,0.0,0.0,0.0,0.0,0.0,0.0,1
img_03173.jpg,0.0,0.0,0.0,0.0,0.99,0.0,0.0,0.0,1
img_02528.jpg,0.0,0.0,0.0,0.0,0.0,0.99,0.0,0.0,1
img_06044.jpg,0.0,0.0,0.0,0.0,0.0,0.99,0.0,0.0,1
img_03389.jpg,0.0,0.0,0.0,0.0,0.0,0.99,0.0,0.0,1
img_05344.jpg,0.0,0.99,0.0,0.0,0.0,0.0,0.0,0.0,1
img_01504.jpg,0.0,0.0,0.0,0.0,0.99,0.0,0.0,0.0,1
img_00849.jpg,0.0,0.0,0.0,0.0,0.99,0.0,0.0,0.0,1
img_07660.jpg,0.0,0.0,0.0,0.0,0.99,0.0,0.0,0.0,1
img_05455.jpg,0.0,0.0,0.0,0.0,0.99,0.0,0.0,0.0,1
img_05784.jpg,0.0,0.99,0.0,0.0,0.0,0.0,0.0,0.0,1
img_01475.jpg,0.0,0.0,0.0,0.0,0.99,0.0,0.0,0.0,1
img_06713.jpg,0.0,0.0,0.0,0.99,0.0,0.0,0.0,0.0,1
img_04734.jpg,0.0,0.0,0.0,0.99,0.0,0.0,0.0,0.0,1
img_02353.jpg,0.0,0.0,0.0,0.0,0.0,0.99,0.0,0.0,1
img_00400.jpg,0.0,0.0,0.0,0.0,0.99,0.0,0.0,0.0,1
img_07687.jpg,0.0,0.0,0.0,0.0,0.99,0.0,0.0,0.0,1
img_07804.jpg,0.0,0.99,0.0,0.0,0.0,0.0,0.0,0.0,1
img_06801.jpg,0.0,0.0,0.0,0.0,0.99,0.0,0.0,0.0,1
img_00862.jpg,0.0,0.0,0.0,0.0,0.0,0.99,0.0,0.0,1
img_03949.jpg,0.0,0.0,0.0,0.0,0.99,0.0,0.0,0.0,1
img_01383.jpg,0.0,0.0,0.0,0.0,0.99,0.0,0.0,0.0,1
img_03959.jpg,0.0,0.0,0.0,0.0,0.99,0.0,0.0,0.0,1
img_00681.jpg,0.0,0.0,0.0,0.0,0.99,0.0,0.0,0.0,1
img_05880.jpg,0.0,0.0,0.0,0.0,0.99,0.0,0.0,0.0,1
img_04853.jpg,0.0,0.99,0.0,0.0,0.0,0.0,0.0,0.0,1
img_03976.jpg,0.0,0.0,0.0,0.0,0.0,0.0,0.99,0.0,1
img_01776.jpg,0.0,0.0,0.99,0.0,0.0,0.0,0.0,0.0,1
img_04886.jpg,0.0,0.0,0.0,0.0,0.99,0.0,0.0,0.0,1
img_02758.jpg,0.0,0.0,0.0,0.99,0.0,0.0,0.0,0.0,1
img_00510.jpg,0.0,0.0,0.0,0.0,0.0,0.0,0.99,0.0,1
img_01356.jpg,0.0,0.0,0.0,0.0,0.0,0.99,0.0,0.0,1
img_01814.jpg,0.0,0.0,0.0,0.0,0.0,0.99,0.0,0.0,1
img_03057.jpg,0.0,0.0,0.0,0.0,0.0,0.0,0.99,0.0,1
img_07129.jpg,0.0,0.0,0.0,0.0,0.99,0.0,0.0,0.0,1
img_02441.jpg,0.0,0.0,0.0,0.0,0.99,0.0,0.0,0.0,1
img_03170.jpg,0.0,0.0,0.0,0.0,0.0,0.0,0.99,0.0,1
img_06382.jpg,0.0,0.0,0.0,0.0,0.0,0.99,0.0,0.0,1
img_00888.jpg,0.0,0.99,0.0,0.0,0.0,0.0,0.0,0.0,1
img_03302.jpg,0.0,0.0,0.0,0.0,0.99,0.0,0.0,0.0,1
img_01419.jpg,0.0,0.0,0.0,0.0,0.99,0.0,0.0,0.0,1
img_01881.jpg,0.0,0.0,0.0,0.0,0.0,0.0,0.99,0.0,1
img_00326.jpg,0.0,0.0,0.0,0.0,0.99,0.0,0.0,0.0,1
img_05126.jpg,0.0,0.0,0.0,0.0,0.0,0.0,0.99,0.0,1
img_04842.jpg,0.0,0.0,0.0,0.0,0.99,0.0,0.0,0.0,1
img_06878.jpg,0.0,0.0,0.0,0.0,0.0,0.99,0.0,0.0,1
img_02870.jpg,0.0,0.0,0.0,0.0,0.99,0.0,0.0,0.0,1
img_02715.jpg,0.0,0.0,0.0,0.0,0.0,0.99,0.0,0.0,1
img_03975.jpg,0.0,0.0,0.0,0.0,0.0,0.99,0.0,0.0,1
img_05728.jpg,0.0,0.99,0.0,0.0,0.0,0.0,0.0,0.0,1
img_01165.jpg,0.0,0.0,0.0,0.0,0.99,0.0,0.0,0.0,1
img_02936.jpg,0.0,0.0,0.99,0.0,0.0,0.0,0.0,0.0,1
img_06402.jpg,0.0,0.0,0.0,0.0,0.99,0.0,0.0,0.0,1
img_06013.jpg,0.0,0.0,0.0,0.0,0.0,0.0,0.99,0.0,1
img_02128.jpg,0.0,0.99,0.0,0.0,0.0,0.0,0.0,0.0,1
img_03691.jpg,0.0,0.0,0.0,0.0,0.99,0.0,0.0,0.0,1
img_02736.jpg,0.0,0.99,0.0,0.0,0.0,0.0,0.0,0.0,1
img_06537.jpg,0.0,0.0,0.0,0.0,0.0,0.0,0.99,0.0,1
img_07734.jpg,0.0,0.99,0.0,0.0,0.0,0.0,0.0,0.0,1
img_06063.jpg,0.0,0.0,0.0,0.0,0.0,0.99,0.0,0.0,1
img_04906.jpg,0.0,0.0,0.0,0.0,0.99,0.0,0.0,0.0,1
img_05141.jpg,0.0,0.0,0.0,0.0,0.0,0.99,0.0,0.0,1
img_04590.jpg,0.0,0.0,0.0,0.0,0.99,0.0,0.0,0.0,1
img_04227.jpg,0.0,0.99,0.0,0.0,0.0,0.0,0.0,0.0,1
img_07679.jpg,0.0,0.0,0.0,0.0,0.99,0.0,0.0,0.0,1
img_07321.jpg,0.0,0.99,0.0,0.0,0.0,0.0,0.0,0.0,1
img_07597.jpg,0.0,0.0,0.0,0.0,0.99,0.0,0.0,0.0,1
img_02696.jpg,0.0,0.99,0.0,0.0,0.0,0.0,0.0,0.0,1
img_03813.jpg,0.0,0.99,0.0,0.0,0.0,0.0,0.0,0.0,1
img_01615.jpg,0.0,0.0,0.99,0.0,0.0,0.0,0.0,0.0,1
img_00926.jpg,0.0,0.0,0.0,0.0,0.99,0.0,0.0,0.0,1
img_07743.jpg,0.0,0.0,0.0,0.0,0.0,0.99,0.0,0.0,1
img_07902.jpg,0.0,0.0,0.0,0.0,0.99,0.0,0.0,0.0,1
img_01264.jpg,0.0,0.99,0.0,0.0,0.0,0.0,0.0,0.0,1
img_05073.jpg,0.0,0.0,0.0,0.0,0.99,0.0,0.0,0.0,1
img_05216.jpg,0.0,0.0,0.0,0.0,0.0,0.99,0.0,0.0,1
img_03955.jpg,0.0,0.0,0.0,0.0,0.99,0.0,0.0,0.0,1
img_05504.jpg,0.0,0.0,0.0,0.0,0.0,0.0,0.99,0.0,1
img_03148.jpg,0.0,0.0,0.0,0.0,0.0,0.0,0.99,0.0,1
img_05834.jpg,0.0,0.0,0.0,0.0,0.0,0.99,0.0,0.0,1
img_04770.jpg,0.0,0.0,0.0,0.0,0.99,0.0,0.0,0.0,1
img_03783.jpg,0.0,0.0,0.0,0.0,0.99,0.0,0.0,0.0,1
img_02348.jpg,0.0,0.0,0.0,0.0,0.0,0.0,0.99,0.0,1
img_03918.jpg,0.0,0.99,0.0,0.0,0.0,0.0,0.0,0.0,1
img_04327.jpg,0.0,0.99,0.0,0.0,0.0,0.0,0.0,0.0,1
img_04682.jpg,0.0,0.0,0.0,0.0,0.0,0.0,0.99,0.0,1
img_01351.jpg,0.0,0.99,0.0,0.0,0.0,0.0,0.0,0.0,1
img_02333.jpg,0.0,0.0,0.99,0.0,0.0,0.0,0.0,0.0,1
img_03168.jpg,0.0,0.0,0.0,0.0,0.0,0.0,0.99,0.0,1
img_03337.jpg,0.0,0.0,0.0,0.0,0.99,0.0,0.0,0.0,1
img_02164.jpg,0.0,0.0,0.0,0.0,0.99,0.0,0.0,0.0,1
img_04475.jpg,0.0,0.0,0.0,0.0,0.99,0.0,0.0,0.0,1
img_01324.jpg,0.0,0.0,0.0,0.0,0.0,0.0,0.99,0.0,1
img_06867.jpg,0.0,0.99,0.0,0.0,0.0,0.0,0.0,0.0,1
img_03789.jpg,0.0,0.0,0.0,0.0,0.99,0.0,0.0,0.0,1
img_07365.jpg,0.0,0.0,0.0,0.0,0.0,0.99,0.0,0.0,1
img_06777.jpg,0.0,0.99,0.0,0.0,0.0,0.0,0.0,0.0,1
img_06651.jpg,0.0,0.0,0.0,0.0,0.0,0.99,0.0,0.0,1
img_07268.jpg,0.0,0.0,0.0,0.0,0.99,0.0,0.0,0.0,1
img_00363.jpg,0.0,0.99,0.0,0.0,0.0,0.0,0.0,0.0,1
img_02879.jpg,0.0,0.0,0.0,0.0,0.99,0.0,0.0,0.0,1
img_06451.jpg,0.0,0.0,0.0,0.0,0.99,0.0,0.0,0.0,1
img_06398.jpg,0.0,0.0,0.0,0.0,0.99,0.0,0.0,0.0,1
img_06129.jpg,0.0,0.0,0.0,0.99,0.0,0.0,0.0,0.0,1
img_02475.jpg,0.0,0.0,0.99,0.0,0.0,0.0,0.0,0.0,1
img_00883.jpg,0.0,0.99,0.0,0.0,0.0,0.0,0.0,0.0,1
img_01342.jpg,0.0,0.0,0.0,0.0,0.0,0.0,0.99,0.0,1
img_00126.jpg,0.0,0.0,0.0,0.0,0.0,0.99,0.0,0.0,1
img_01151.jpg,0.0,0.0,0.0,0.0,0.99,0.0,0.0,0.0,1
img_06248.jpg,0.0,0.0,0.0,0.0,0.99,0.0,0.0,0.0,1
img_00774.jpg,0.0,0.99,0.0,0.0,0.0,0.0,0.0,0.0,1
img_06740.jpg,0.0,0.0,0.0,0.0,0.0,0.99,0.0,0.0,1
img_02378.jpg,0.0,0.0,0.99,0.0,0.0,0.0,0.0,0.0,1
img_02105.jpg,0.0,0.0,0.0,0.0,0.99,0.0,0.0,0.0,1
img_04495.jpg,0.0,0.0,0.0,0.0,0.0,0.99,0.0,0.0,1
img_07512.jpg,0.0,0.0,0.0,0.0,0.99,0.0,0.0,0.0,1
img_05635.jpg,0.0,0.0,0.99,0.0,0.0,0.0,0.0,0.0,1
img_04501.jpg,0.0,0.0,0.0,0.0,0.99,0.0,0.0,0.0,1
img_04463.jpg,0.0,0.99,0.0,0.0,0.0,0.0,0.0,0.0,1
img_03708.jpg,0.0,0.99,0.0,0.0,0.0,0.0,0.0,0.0,1
img_00063.jpg,0.0,0.0,0.0,0.0,0.0,0.99,0.0,0.0,1
img_02987.jpg,0.0,0.0,0.0,0.0,0.0,0.0,0.99,0.0,1
img_04245.jpg,0.0,0.0,0.0,0.0,0.0,0.0,0.99,0.0,1
img_06309.jpg,0.0,0.0,0.0,0.0,0.99,0.0,0.0,0.0,1
img_07405.jpg,0.0,0.0,0.0,0.0,0.0,0.99,0.0,0.0,1
img_00494.jpg,0.0,0.0,0.0,0.0,0.99,0.0,0.0,0.0,1
img_05449.jpg,0.0,0.0,0.0,0.99,0.0,0.0,0.0,0.0,1
img_02011.jpg,0.0,0.0,0.0,0.0,0.0,0.99,0.0,0.0,1
img_01421.jpg,0.0,0.0,0.0,0.0,0.99,0.0,0.0,0.0,1
img_06467.jpg,0.0,0.0,0.0,0.0,0.0,0.0,0.99,0.0,1
img_03962.jpg,0.0,0.0,0.0,0.0,0.0,0.0,0.99,0.0,1
img_06700.jpg,0.0,0.0,0.0,0.0,0.0,0.99,0.0,0.0,1
img_02840.jpg,0.0,0.99,0.0,0.0,0.0,0.0,0.0,0.0,1
img_03519.jpg,0.0,0.0,0.0,0.0,0.99,0.0,0.0,0.0,1
img_02366.jpg,0.0,0.0,0.0,0.0,0.99,0.0,0.0,0.0,1
img_06913.jpg,0.0,0.0,0.0,0.0,0.0,0.0,0.99,0.0,1
img_05240.jpg,0.0,0.99,0.0,0.0,0.0,0.0,0.0,0.0,1
img_02395.jpg,0.0,0.0,0.0,0.0,0.0,0.99,0.0,0.0,1
img_07212.jpg,0.0,0.0,0.99,0.0,0.0,0.0,0.0,0.0,1
img_04826.jpg,0.0,0.0,0.0,0.0,0.0,0.99,0.0,0.0,1
img_02435.jpg,0.0,0.0,0.0,0.0,0.99,0.0,0.0,0.0,1
img_02210.jpg,0.0,0.0,0.99,0.0,0.0,0.0,0.0,0.0,1
img_00434.jpg,0.0,0.0,0.0,0.0,0.0,0.99,0.0,0.0,1
img_04592.jpg,0.0,0.0,0.0,0.0,0.0,0.99,0.0,0.0,1
img_02798.jpg,0.0,0.0,0.99,0.0,0.0,0.0,0.0,0.0,1
img_02329.jpg,0.0,0.0,0.0,0.0,0.99,0.0,0.0,0.0,1
img_03678.jpg,0.0,0.0,0.0,0.0,0.99,0.0,0.0,0.0,1
img_04434.jpg,0.0,0.0,0.0,0.0,0.0,0.99,0.0,0.0,1
img_00303.jpg,0.0,0.0,0.0,0.0,0.99,0.0,0.0,0.0,1
img_03184.jpg,0.0,0.99,0.0,0.0,0.0,0.0,0.0,0.0,1
img_05957.jpg,0.0,0.0,0.0,0.0,0.99,0.0,0.0,0.0,1
img_07351.jpg,0.0,0.0,0.0,0.0,0.99,0.0,0.0,0.0,1
img_07464.jpg,0.0,0.0,0.0,0.0,0.99,0.0,0.0,0.0,1
img_07840.jpg,0.0,0.0,0.0,0.0,0.0,0.99,0.0,0.0,1
img_07627.jpg,0.0,0.0,0.0,0.0,0.0,0.99,0.0,0.0,1
img_07176.jpg,0.0,0.0,0.0,0.99,0.0,0.0,0.0,0.0,1
img_00413.jpg,0.0,0.0,0.0,0.0,0.99,0.0,0.0,0.0,1
img_01327.jpg,0.0,0.0,0.0,0.0,0.0,0.99,0.0,0.0,1
img_01470.jpg,0.0,0.0,0.99,0.0,0.0,0.0,0.0,0.0,1
img_05848.jpg,0.0,0.99,0.0,0.0,0.0,0.0,0.0,0.0,1
img_05231.jpg,0.0,0.0,0.0,0.0,0.0,0.0,0.99,0.0,1
img_04931.jpg,0.0,0.99,0.0,0.0,0.0,0.0,0.0,0.0,1
img_00565.jpg,0.0,0.0,0.99,0.0,0.0,0.0,0.0,0.0,1
img_05391.jpg,0.0,0.0,0.0,0.0,0.0,0.0,0.99,0.0,1
img_02114.jpg,0.0,0.0,0.0,0.0,0.0,0.0,0.99,0.0,1
img_02432.jpg,0.0,0.0,0.99,0.0,0.0,0.0,0.0,0.0,1
img_06047.jpg,0.0,0.0,0.0,0.0,0.99,0.0,0.0,0.0,1
img_03672.jpg,0.0,0.0,0.0,0.0,0.99,0.0,0.0,0.0,1
img_05873.jpg,0.0,0.0,0.0,0.0,0.0,0.0,0.99,0.0,1
img_01943.jpg,0.0,0.99,0.0,0.0,0.0,0.0,0.0,0.0,1
img_03131.jpg,0.0,0.0,0.0,0.0,0.0,0.0,0.99,0.0,1
img_01166.jpg,0.0,0.99,0.0,0.0,0.0,0.0,0.0,0.0,1
img_01559.jpg,0.0,0.0,0.0,0.0,0.0,0.99,0.0,0.0,1
img_04039.jpg,0.0,0.99,0.0,0.0,0.0,0.0,0.0,0.0,1
img_01400.jpg,0.0,0.0,0.0,0.0,0.0,0.99,0.0,0.0,1
img_02031.jpg,0.0,0.0,0.0,0.0,0.0,0.99,0.0,0.0,1
img_06081.jpg,0.0,0.0,0.0,0.0,0.99,0.0,0.0,0.0,1
img_03423.jpg,0.0,0.0,0.0,0.0,0.99,0.0,0.0,0.0,1
img_03507.jpg,0.0,0.0,0.0,0.0,0.0,0.0,0.99,0.0,1
img_02744.jpg,0.0,0.0,0.0,0.0,0.0,0.0,0.99,0.0,1
img_07546.jpg,0.0,0.0,0.0,0.0,0.0,0.99,0.0,0.0,1
img_05114.jpg,0.0,0.0,0.0,0.0,0.0,0.99,0.0,0.0,1
img_01425.jpg,0.0,0.0,0.0,0.0,0.0,0.99,0.0,0.0,1
img_05257.jpg,0.0,0.0,0.0,0.0,0.0,0.0,0.99,0.0,1
img_06133.jpg,0.0,0.0,0.0,0.0,0.0,0.99,0.0,0.0,1
img_00377.jpg,0.0,0.0,0.0,0.0,0.99,0.0,0.0,0.0,1
img_07518.jpg,0.0,0.99,0.0,0.0,0.0,0.0,0.0,0.0,1
img_01061.jpg,0.0,0.0,0.0,0.0,0.0,0.0,0.99,0.0,1
img_03716.jpg,0.0,0.0,0.0,0.0,0.0,0.99,0.0,0.0,1
img_02694.jpg,0.0,0.0,0.0,0.99,0.0,0.0,0.0,0.0,1
img_01850.jpg,0.0,0.0,0.99,0.0,0.0,0.0,0.0,0.0,1
img_01527.jpg,0.0,0.0,0.0,0.99,0.0,0.0,0.0,0.0,1
img_01135.jpg,0.0,0.0,0.0,0.0,0.99,0.0,0.0,0.0,1
img_06628.jpg,0.0,0.0,0.0,0.0,0.99,0.0,0.0,0.0,1
img_07496.jpg,0.0,0.0,0.0,0.0,0.99,0.0,0.0,0.0,1
img_03194.jpg,0.0,0.0,0.0,0.0,0.99,0.0,0.0,0.0,1
img_04840.jpg,0.0,0.0,0.0,0.0,0.99,0.0,0.0,0.0,1
img_02381.jpg,0.0,0.0,0.0,0.0,0.99,0.0,0.0,0.0,1
img_01922.jpg,0.0,0.0,0.0,0.0,0.99,0.0,0.0,0.0,1
img_05327.jpg,0.0,0.0,0.0,0.0,0.0,0.0,0.99,0.0,1
img_07779.jpg,0.0,0.0,0.0,0.0,0.0,0.99,0.0,0.0,1
img_06623.jpg,0.0,0.99,0.0,0.0,0.0,0.0,0.0,0.0,1
img_03052.jpg,0.0,0.0,0.0,0.99,0.0,0.0,0.0,0.0,1
img_02650.jpg,0.0,0.0,0.0,0.0,0.99,0.0,0.0,0.0,1
img_06523.jpg,0.0,0.0,0.0,0.0,0.0,0.0,0.99,0.0,1
img_04953.jpg,0.0,0.0,0.0,0.99,0.0,0.0,0.0,0.0,1
img_04674.jpg,0.0,0.0,0.0,0.0,0.99,0.0,0.0,0.0,1
img_00397.jpg,0.0,0.0,0.0,0.0,0.0,0.99,0.0,0.0,1
img_00348.jpg,0.0,0.0,0.99,0.0,0.0,0.0,0.0,0.0,1
img_03841.jpg,0.0,0.0,0.0,0.0,0.0,0.99,0.0,0.0,1
img_05753.jpg,0.0,0.0,0.0,0.0,0.0,0.99,0.0,0.0,1
img_03343.jpg,0.0,0.0,0.0,0.0,0.99,0.0,0.0,0.0,1
img_00453.jpg,0.0,0.0,0.0,0.0,0.0,0.99,0.0,0.0,1
img_05912.jpg,0.0,0.0,0.0,0.0,0.0,0.99,0.0,0.0,1
img_04743.jpg,0.0,0.0,0.99,0.0,0.0,0.0,0.0,0.0,1
img_00245.jpg,0.0,0.0,0.0,0.0,0.0,0.0,0.99,0.0,1
img_04988.jpg,0.0,0.0,0.0,0.0,0.0,0.99,0.0,0.0,1
img_03542.jpg,0.0,0.0,0.0,0.0,0.99,0.0,0.0,0.0,1
img_03267.jpg,0.0,0.0,0.0,0.0,0.0,0.99,0.0,0.0,1
img_00247.jpg,0.0,0.0,0.0,0.0,0.0,0.0,0.99,0.0,1
img_03555.jpg,0.0,0.0,0.0,0.0,0.99,0.0,0.0,0.0,1
img_01097.jpg,0.0,0.0,0.0,0.0,0.99,0.0,0.0,0.0,1
img_05800.jpg,0.0,0.0,0.0,0.0,0.99,0.0,0.0,0.0,1
img_00094.jpg,0.0,0.0,0.0,0.0,0.99,0.0,0.0,0.0,1
img_01522.jpg,0.0,0.0,0.0,0.0,0.0,0.99,0.0,0.0,1
img_04484.jpg,0.0,0.0,0.0,0.0,0.0,0.99,0.0,0.0,1
img_06881.jpg,0.0,0.0,0.0,0.0,0.0,0.0,0.99,0.0,1
img_07077.jpg,0.0,0.0,0.0,0.0,0.0,0.99,0.0,0.0,1
img_00615.jpg,0.0,0.0,0.0,0.0,0.99,0.0,0.0,0.0,1
img_03191.jpg,0.0,0.0,0.0,0.0,0.0,0.99,0.0,0.0,1
img_05464.jpg,0.0,0.0,0.0,0.0,0.0,0.0,0.99,0.0,1
img_02089.jpg,0.0,0.0,0.0,0.99,0.0,0.0,0.0,0.0,1
img_00491.jpg,0.0,0.99,0.0,0.0,0.0,0.0,0.0,0.0,1
img_04718.jpg,0.0,0.99,0.0,0.0,0.0,0.0,0.0,0.0,1
img_02478.jpg,0.0,0.0,0.0,0.0,0.0,0.0,0.99,0.0,1
img_06575.jpg,0.0,0.99,0.0,0.0,0.0,0.0,0.0,0.0,1
img_06671.jpg,0.0,0.0,0.99,0.0,0.0,0.0,0.0,0.0,1
img_07643.jpg,0.0,0.0,0.99,0.0,0.0,0.0,0.0,0.0,1
img_03526.jpg,0.0,0.0,0.0,0.0,0.0,0.99,0.0,0.0,1
img_07015.jpg,0.0,0.99,0.0,0.0,0.0,0.0,0.0,0.0,1
img_01697.jpg,0.0,0.0,0.0,0.0,0.0,0.99,0.0,0.0,1
img_01221.jpg,0.0,0.0,0.0,0.99,0.0,0.0,0.0,0.0,1
img_03305.jpg,0.0,0.0,0.0,0.0,0.0,0.0,0.99,0.0,1
img_01866.jpg,0.0,0.0,0.0,0.0,0.0,0.99,0.0,0.0,1
img_03772.jpg,0.0,0.0,0.0,0.0,0.0,0.99,0.0,0.0,1
img_01423.jpg,0.0,0.0,0.0,0.0,0.0,0.99,0.0,0.0,1
img_03647.jpg,0.0,0.99,0.0,0.0,0.0,0.0,0.0,0.0,1
img_00072.jpg,0.0,0.0,0.0,0.0,0.0,0.0,0.99,0.0,1
img_04685.jpg,0.0,0.0,0.0,0.0,0.0,0.99,0.0,0.0,1
img_04967.jpg,0.0,0.0,0.0,0.0,0.0,0.99,0.0,0.0,1
img_03817.jpg,0.0,0.99,0.0,0.0,0.0,0.0,0.0,0.0,1
img_00263.jpg,0.0,0.0,0.0,0.0,0.0,0.99,0.0,0.0,1
img_00096.jpg,0.0,0.0,0.0,0.0,0.0,0.0,0.99,0.0,1
img_06706.jpg,0.0,0.0,0.0,0.0,0.0,0.99,0.0,0.0,1
img_07729.jpg,0.0,0.0,0.0,0.0,0.0,0.99,0.0,0.0,1
img_06124.jpg,0.0,0.0,0.0,0.0,0.0,0.0,0.99,0.0,1
img_06117.jpg,0.0,0.0,0.99,0.0,0.0,0.0,0.0,0.0,1
img_00409.jpg,0.0,0.0,0.0,0.0,0.0,0.0,0.99,0.0,1
img_06155.jpg,0.0,0.0,0.0,0.0,0.0,0.99,0.0,0.0,1
img_07774.jpg,0.0,0.0,0.0,0.99,0.0,0.0,0.0,0.0,1
img_01397.jpg,0.0,0.0,0.99,0.0,0.0,0.0,0.0,0.0,1
img_05521.jpg,0.0,0.0,0.99,0.0,0.0,0.0,0.0,0.0,1
img_04717.jpg,0.0,0.0,0.0,0.0,0.0,0.99,0.0,0.0,1
img_01450.jpg,0.0,0.99,0.0,0.0,0.0,0.0,0.0,0.0,1
img_07806.jpg,0.0,0.0,0.0,0.0,0.0,0.99,0.0,0.0,1
img_05255.jpg,0.0,0.99,0.0,0.0,0.0,0.0,0.0,0.0,1
img_07661.jpg,0.0,0.0,0.0,0.0,0.0,0.0,0.99,0.0,1
img_01118.jpg,0.0,0.99,0.0,0.0,0.0,0.0,0.0,0.0,1
img_06442.jpg,0.0,0.0,0.99,0.0,0.0,0.0,0.0,0.0,1
img_01194.jpg,0.0,0.99,0.0,0.0,0.0,0.0,0.0,0.0,1
img_01871.jpg,0.0,0.0,0.0,0.0,0.0,0.99,0.0,0.0,1
img_04711.jpg,0.0,0.0,0.0,0.99,0.0,0.0,0.0,0.0,1
img_02097.jpg,0.0,0.99,0.0,0.0,0.0,0.0,0.0,0.0,1
img_03347.jpg,0.0,0.99,0.0,0.0,0.0,0.0,0.0,0.0,1
img_06209.jpg,0.0,0.0,0.99,0.0,0.0,0.0,0.0,0.0,1
img_06136.jpg,0.0,0.0,0.0,0.0,0.0,0.99,0.0,0.0,1
img_03296.jpg,0.0,0.0,0.99,0.0,0.0,0.0,0.0,0.0,1
img_06363.jpg,0.0,0.0,0.0,0.0,0.0,0.99,0.0,0.0,1
img_07269.jpg,0.0,0.0,0.0,0.99,0.0,0.0,0.0,0.0,1
img_02944.jpg,0.0,0.0,0.0,0.0,0.0,0.0,0.99,0.0,1
img_05351.jpg,0.0,0.99,0.0,0.0,0.0,0.0,0.0,0.0,1
img_01664.jpg,0.0,0.0,0.0,0.0,0.0,0.99,0.0,0.0,1
img_03232.jpg,0.0,0.0,0.0,0.99,0.0,0.0,0.0,0.0,1
img_02867.jpg,0.0,0.0,0.0,0.0,0.0,0.0,0.99,0.0,1
img_00265.jpg,0.0,0.0,0.0,0.0,0.0,0.0,0.99,0.0,1
img_05450.jpg,0.0,0.99,0.0,0.0,0.0,0.0,0.0,0.0,1
img_07221.jpg,0.0,0.0,0.0,0.0,0.0,0.0,0.99,0.0,1
img_03771.jpg,0.0,0.0,0.0,0.99,0.0,0.0,0.0,0.0,1
img_06876.jpg,0.0,0.0,0.0,0.99,0.0,0.0,0.0,0.0,1
img_00678.jpg,0.0,0.0,0.99,0.0,0.0,0.0,0.0,0.0,1
img_07220.jpg,0.0,0.0,0.0,0.0,0.0,0.99,0.0,0.0,1
img_05009.jpg,0.0,0.0,0.0,0.0,0.0,0.99,0.0,0.0,1
img_01820.jpg,0.0,0.0,0.0,0.0,0.0,0.0,0.99,0.0,1
img_06035.jpg,0.0,0.99,0.0,0.0,0.0,0.0,0.0,0.0,1
img_02981.jpg,0.0,0.99,0.0,0.0,0.0,0.0,0.0,0.0,1
img_02926.jpg,0.0,0.0,0.99,0.0,0.0,0.0,0.0,0.0,1
img_07620.jpg,0.0,0.99,0.0,0.0,0.0,0.0,0.0,0.0,1
img_05485.jpg,0.0,0.0,0.99,0.0,0.0,0.0,0.0,0.0,1
img_05345.jpg,0.0,0.0,0.0,0.0,0.0,0.99,0.0,0.0,1
img_01639.jpg,0.0,0.0,0.0,0.0,0.0,0.99,0.0,0.0,1
img_07059.jpg,0.0,0.99,0.0,0.0,0.0,0.0,0.0,0.0,1
img_05923.jpg,0.0,0.0,0.99,0.0,0.0,0.0,0.0,0.0,1
img_07864.jpg,0.0,0.0,0.0,0.0,0.0,0.99,0.0,0.0,1
img_04033.jpg,0.0,0.99,0.0,0.0,0.0,0.0,0.0,0.0,1
img_02772.jpg,0.0,0.0,0.99,0.0,0.0,0.0,0.0,0.0,1
img_02088.jpg,0.0,0.0,0.0,0.0,0.0,0.0,0.99,0.0,1
img_03315.jpg,0.0,0.99,0.0,0.0,0.0,0.0,0.0,0.0,1
img_04565.jpg,0.0,0.0,0.0,0.0,0.0,0.99,0.0,0.0,1
img_01531.jpg,0.0,0.0,0.99,0.0,0.0,0.0,0.0,0.0,1
img_07693.jpg,0.0,0.0,0.99,0.0,0.0,0.0,0.0,0.0,1
img_06847.jpg,0.0,0.0,0.0,0.0,0.0,0.0,0.99,0.0,1
img_03371.jpg,0.0,0.99,0.0,0.0,0.0,0.0,0.0,0.0,1
img_01952.jpg,0.0,0.0,0.0,0.99,0.0,0.0,0.0,0.0,1
img_02377.jpg,0.0,0.0,0.0,0.0,0.0,0.99,0.0,0.0,1
img_00734.jpg,0.0,0.0,0.99,0.0,0.0,0.0,0.0,0.0,1
img_03881.jpg,0.0,0.99,0.0,0.0,0.0,0.0,0.0,0.0,1
img_00329.jpg,0.0,0.99,0.0,0.0,0.0,0.0,0.0,0.0,1
img_02818.jpg,0.0,0.99,0.0,0.0,0.0,0.0,0.0,0.0,1
img_07080.jpg,0.0,0.0,0.0,0.0,0.0,0.0,0.99,0.0,1
img_04927.jpg,0.0,0.0,0.99,0.0,0.0,0.0,0.0,0.0,1
img_02260.jpg,0.0,0.0,0.0,0.0,0.0,0.0,0.99,0.0,1
img_00784.jpg,0.0,0.0,0.0,0.99,0.0,0.0,0.0,0.0,1
img_01457.jpg,0.0,0.0,0.0,0.99,0.0,0.0,0.0,0.0,1
img_00235.jpg,0.0,0.0,0.0,0.0,0.0,0.0,0.99,0.0,1
img_07022.jpg,0.0,0.0,0.0,0.0,0.0,0.0,0.99,0.0,1
img_01986.jpg,0.0,0.0,0.0,0.0,0.0,0.0,0.99,0.0,1
img_06070.jpg,0.0,0.0,0.0,0.0,0.0,0.99,0.0,0.0,1
img_04958.jpg,0.0,0.0,0.0,0.99,0.0,0.0,0.0,0.0,1
img_05997.jpg,0.0,0.0,0.0,0.0,0.0,0.99,0.0,0.0,1
img_06419.jpg,0.0,0.0,0.0,0.0,0.0,0.99,0.0,0.0,1
img_05110.jpg,0.0,0.99,0.0,0.0,0.0,0.0,0.0,0.0,1
img_02831.jpg,0.0,0.0,0.0,0.0,0.0,0.99,0.0,0.0,1
img_01451.jpg,0.0,0.0,0.0,0.0,0.0,0.99,0.0,0.0,1
img_06463.jpg,0.0,0.0,0.0,0.0,0.0,0.99,0.0,0.0,1
img_04617.jpg,0.0,0.0,0.0,0.0,0.0,0.99,0.0,0.0,1
img_06768.jpg,0.0,0.0,0.99,0.0,0.0,0.0,0.0,0.0,1
img_04131.jpg,0.0,0.0,0.0,0.0,0.0,0.0,0.99,0.0,1
img_04992.jpg,0.0,0.0,0.0,0.0,0.0,0.99,0.0,0.0,1
img_02358.jpg,0.0,0.99,0.0,0.0,0.0,0.0,0.0,0.0,1
img_04150.jpg,0.0,0.0,0.0,0.0,0.0,0.99,0.0,0.0,1
img_06997.jpg,0.0,0.99,0.0,0.0,0.0,0.0,0.0,0.0,1
img_03133.jpg,0.0,0.0,0.0,0.0,0.0,0.99,0.0,0.0,1
img_05386.jpg,0.0,0.0,0.0,0.99,0.0,0.0,0.0,0.0,1
img_00262.jpg,0.0,0.0,0.0,0.0,0.0,0.99,0.0,0.0,1
img_01707.jpg,0.0,0.99,0.0,0.0,0.0,0.0,0.0,0.0,1
img_04693.jpg,0.0,0.0,0.0,0.0,0.0,0.99,0.0,0.0,1
img_01474.jpg,0.0,0.0,0.99,0.0,0.0,0.0,0.0,0.0,1
img_01037.jpg,0.0,0.0,0.0,0.99,0.0,0.0,0.0,0.0,1
img_05607.jpg,0.0,0.0,0.0,0.0,0.0,0.99,0.0,0.0,1
img_07519.jpg,0.0,0.99,0.0,0.0,0.0,0.0,0.0,0.0,1
img_06493.jpg,0.0,0.0,0.0,0.0,0.0,0.0,0.99,0.0,1
img_02554.jpg,0.0,0.99,0.0,0.0,0.0,0.0,0.0,0.0,1
img_05579.jpg,0.0,0.0,0.0,0.0,0.0,0.0,0.99,0.0,1
img_01644.jpg,0.0,0.0,0.0,0.99,0.0,0.0,0.0,0.0,1
img_05446.jpg,0.0,0.0,0.99,0.0,0.0,0.0,0.0,0.0,1
img_00736.jpg,0.0,0.0,0.0,0.0,0.0,0.0,0.99,0.0,1
img_02969.jpg,0.0,0.99,0.0,0.0,0.0,0.0,0.0,0.0,1
img_05934.jpg,0.0,0.0,0.99,0.0,0.0,0.0,0.0,0.0,1
img_05942.jpg,0.0,0.0,0.0,0.0,0.0,0.0,0.99,0.0,1
img_03265.jpg,0.0,0.0,0.0,0.0,0.0,0.99,0.0,0.0,1
img_02557.jpg,0.0,0.0,0.0,0.0,0.0,0.0,0.99,0.0,1
img_07581.jpg,0.0,0.99,0.0,0.0,0.0,0.0,0.0,0.0,1
img_00574.jpg,0.0,0.0,0.0,0.0,0.0,0.99,0.0,0.0,1
img_07483.jpg,0.0,0.0,0.0,0.0,0.0,0.99,0.0,0.0,1
img_03979.jpg,0.0,0.0,0.0,0.0,0.0,0.99,0.0,0.0,1
img_06613.jpg,0.0,0.99,0.0,0.0,0.0,0.0,0.0,0.0,1
img_04060.jpg,0.0,0.0,0.0,0.0,0.0,0.99,0.0,0.0,1
img_05092.jpg,0.0,0.0,0.0,0.0,0.0,0.99,0.0,0.0,1
img_07547.jpg,0.0,0.0,0.0,0.0,0.0,0.99,0.0,0.0,1
img_04556.jpg,0.0,0.0,0.0,0.0,0.0,0.99,0.0,0.0,1
img_04652.jpg,0.0,0.0,0.0,0.0,0.0,0.99,0.0,0.0,1
img_04464.jpg,0.0,0.99,0.0,0.0,0.0,0.0,0.0,0.0,1
img_04815.jpg,0.0,0.99,0.0,0.0,0.0,0.0,0.0,0.0,1
img_04371.jpg,0.0,0.0,0.0,0.0,0.0,0.99,0.0,0.0,1
img_04158.jpg,0.0,0.99,0.0,0.0,0.0,0.0,0.0,0.0,1
img_01524.jpg,0.0,0.0,0.0,0.0,0.0,0.0,0.99,0.0,1
img_05557.jpg,0.0,0.0,0.99,0.0,0.0,0.0,0.0,0.0,1
img_04751.jpg,0.0,0.0,0.0,0.0,0.0,0.99,0.0,0.0,1
img_00091.jpg,0.0,0.0,0.0,0.99,0.0,0.0,0.0,0.0,1
img_05939.jpg,0.0,0.0,0.0,0.99,0.0,0.0,0.0,0.0,1
img_01916.jpg,0.0,0.0,0.0,0.0,0.0,0.0,0.99,0.0,1
img_04110.jpg,0.0,0.0,0.0,0.0,0.0,0.0,0.99,0.0,1
img_02728.jpg,0.0,0.0,0.0,0.99,0.0,0.0,0.0,0.0,1
img_03917.jpg,0.0,0.0,0.0,0.0,0.0,0.99,0.0,0.0,1
img_03873.jpg,0.0,0.0,0.0,0.0,0.0,0.99,0.0,0.0,1
img_01477.jpg,0.0,0.99,0.0,0.0,0.0,0.0,0.0,0.0,1
img_00802.jpg,0.0,0.0,0.0,0.0,0.0,0.99,0.0,0.0,1
img_03723.jpg,0.0,0.99,0.0,0.0,0.0,0.0,0.0,0.0,1
img_03385.jpg,0.0,0.0,0.0,0.0,0.0,0.0,0.99,0.0,1
img_04650.jpg,0.0,0.0,0.0,0.0,0.0,0.0,0.99,0.0,1
img_05900.jpg,0.0,0.0,0.0,0.0,0.0,0.0,0.99,0.0,1
img_01844.jpg,0.0,0.0,0.99,0.0,0.0,0.0,0.0,0.0,1
img_01795.jpg,0.0,0.0,0.0,0.0,0.0,0.0,0.99,0.0,1
img_05165.jpg,0.0,0.0,0.99,0.0,0.0,0.0,0.0,0.0,1
img_05223.jpg,0.0,0.0,0.0,0.0,0.0,0.99,0.0,0.0,1
img_04012.jpg,0.0,0.0,0.0,0.0,0.0,0.99,0.0,0.0,1
img_00886.jpg,0.0,0.0,0.0,0.0,0.0,0.99,0.0,0.0,1
img_04363.jpg,0.0,0.0,0.99,0.0,0.0,0.0,0.0,0.0,1
img_04494.jpg,0.0,0.0,0.0,0.0,0.0,0.99,0.0,0.0,1
img_00433.jpg,0.0,0.0,0.0,0.0,0.0,0.99,0.0,0.0,1
img_01218.jpg,0.0,0.99,0.0,0.0,0.0,0.0,0.0,0.0,1
img_01440.jpg,0.0,0.99,0.0,0.0,0.0,0.0,0.0,0.0,1
img_03241.jpg,0.0,0.0,0.0,0.0,0.0,0.0,0.99,0.0,1
img_04435.jpg,0.0,0.0,0.0,0.99,0.0,0.0,0.0,0.0,1
img_05519.jpg,0.0,0.0,0.0,0.0,0.0,0.0,0.99,0.0,1
img_02942.jpg,0.0,0.0,0.0,0.0,0.0,0.99,0.0,0.0,1
img_05314.jpg,0.0,0.99,0.0,0.0,0.0,0.0,0.0,0.0,1
img_06082.jpg,0.0,0.0,0.0,0.0,0.0,0.0,0.99,0.0,1
img_04283.jpg,0.0,0.0,0.99,0.0,0.0,0.0,0.0,0.0,1
img_02413.jpg,0.0,0.0,0.0,0.0,0.0,0.99,0.0,0.0,1
img_03287.jpg,0.0,0.99,0.0,0.0,0.0,0.0,0.0,0.0,1
img_02558.jpg,0.0,0.0,0.0,0.0,0.0,0.0,0.99,0.0,1
img_03770.jpg,0.0,0.0,0.0,0.0,0.0,0.0,0.99,0.0,1
img_05532.jpg,0.0,0.0,0.0,0.0,0.0,0.0,0.99,0.0,1
img_00368.jpg,0.0,0.0,0.0,0.0,0.0,0.99,0.0,0.0,1
img_06578.jpg,0.0,0.0,0.0,0.0,0.0,0.99,0.0,0.0,1
img_03163.jpg,0.0,0.0,0.0,0.0,0.0,0.99,0.0,0.0,1
img_05715.jpg,0.0,0.0,0.0,0.0,0.0,0.99,0.0,0.0,1
img_03833.jpg,0.0,0.99,0.0,0.0,0.0,0.0,0.0,0.0,1
img_02084.jpg,0.0,0.0,0.0,0.0,0.0,0.99,0.0,0.0,1
img_03246.jpg,0.0,0.0,0.0,0.0,0.0,0.99,0.0,0.0,1
img_06448.jpg,0.0,0.0,0.0,0.0,0.0,0.0,0.99,0.0,1
img_04938.jpg,0.0,0.99,0.0,0.0,0.0,0.0,0.0,0.0,1
img_06239.jpg,0.0,0.0,0.0,0.0,0.0,0.99,0.0,0.0,1
img_05887.jpg,0.0,0.0,0.0,0.0,0.0,0.0,0.99,0.0,1
img_02647.jpg,0.0,0.99,0.0,0.0,0.0,0.0,0.0,0.0,1
img_05366.jpg,0.0,0.0,0.0,0.0,0.0,0.0,0.99,0.0,1
img_07227.jpg,0.0,0.0,0.0,0.0,0.0,0.99,0.0,0.0,1
img_03834.jpg,0.0,0.0,0.0,0.0,0.0,0.99,0.0,0.0,1
img_06224.jpg,0.0,0.0,0.0,0.99,0.0,0.0,0.0,0.0,1
img_01080.jpg,0.0,0.0,0.0,0.0,0.0,0.99,0.0,0.0,1
img_03353.jpg,0.0,0.0,0.0,0.0,0.0,0.0,0.99,0.0,1
img_05490.jpg,0.0,0.0,0.0,0.0,0.0,0.99,0.0,0.0,1
img_06149.jpg,0.0,0.0,0.0,0.0,0.0,0.99,0.0,0.0,1
img_06863.jpg,0.0,0.0,0.0,0.0,0.0,0.99,0.0,0.0,1
img_07311.jpg,0.0,0.99,0.0,0.0,0.0,0.0,0.0,0.0,1
img_02195.jpg,0.0,0.99,0.0,0.0,0.0,0.0,0.0,0.0,1
img_07898.jpg,0.0,0.0,0.99,0.0,0.0,0.0,0.0,0.0,1
img_07254.jpg,0.0,0.0,0.0,0.0,0.0,0.99,0.0,0.0,1
img_00226.jpg,0.0,0.0,0.0,0.0,0.0,0.99,0.0,0.0,1
img_02680.jpg,0.0,0.0,0.0,0.0,0.0,0.99,0.0,0.0,1
img_03070.jpg,0.0,0.0,0.0,0.0,0.0,0.99,0.0,0.0,1
img_04391.jpg,0.0,0.0,0.0,0.0,0.0,0.99,0.0,0.0,1
img_05502.jpg,0.0,0.0,0.0,0.0,0.0,0.99,0.0,0.0,1
img_05111.jpg,0.0,0.0,0.0,0.0,0.0,0.99,0.0,0.0,1
img_00814.jpg,0.0,0.0,0.0,0.0,0.0,0.99,0.0,0.0,1
img_01182.jpg,0.0,0.0,0.0,0.0,0.0,0.0,0.99,0.0,1
img_04996.jpg,0.0,0.0,0.0,0.0,0.0,0.99,0.0,0.0,1
img_01608.jpg,0.0,0.0,0.99,0.0,0.0,0.0,0.0,0.0,1
img_04289.jpg,0.0,0.99,0.0,0.0,0.0,0.0,0.0,0.0,1
img_01766.jpg,0.0,0.0,0.0,0.99,0.0,0.0,0.0,0.0,1
img_04914.jpg,0.0,0.99,0.0,0.0,0.0,0.0,0.0,0.0,1
img_01696.jpg,0.0,0.99,0.0,0.0,0.0,0.0,0.0,0.0,1
img_02624.jpg,0.0,0.0,0.0,0.0,0.0,0.0,0.99,0.0,1
img_04123.jpg,0.0,0.0,0.0,0.0,0.0,0.99,0.0,0.0,1
img_03712.jpg,0.0,0.0,0.0,0.0,0.0,0.0,0.99,0.0,1
img_04535.jpg,0.0,0.0,0.0,0.0,0.0,0.0,0.99,0.0,1
img_01812.jpg,0.0,0.0,0.99,0.0,0.0,0.0,0.0,0.0,1
img_00848.jpg,0.0,0.0,0.0,0.0,0.0,0.99,0.0,0.0,1
img_07919.jpg,0.0,0.0,0.0,0.99,0.0,0.0,0.0,0.0,1
img_04966.jpg,0.0,0.0,0.0,0.0,0.0,0.99,0.0,0.0,1
img_02474.jpg,0.0,0.0,0.99,0.0,0.0,0.0,0.0,0.0,1
img_02967.jpg,0.0,0.99,0.0,0.0,0.0,0.0,0.0,0.0,1
img_07830.jpg,0.0,0.0,0.0,0.99,0.0,0.0,0.0,0.0,1
img_05294.jpg,0.0,0.0,0.99,0.0,0.0,0.0,0.0,0.0,1
img_04548.jpg,0.0,0.0,0.0,0.0,0.0,0.99,0.0,0.0,1
img_06952.jpg,0.0,0.0,0.99,0.0,0.0,0.0,0.0,0.0,1
img_04297.jpg,0.0,0.0,0.0,0.99,0.0,0.0,0.0,0.0,1
img_01526.jpg,0.0,0.0,0.0,0.0,0.0,0.99,0.0,0.0,1
img_04791.jpg,0.0,0.0,0.0,0.0,0.0,0.0,0.99,0.0,1
img_01993.jpg,0.0,0.0,0.0,0.0,0.0,0.99,0.0,0.0,1
img_02440.jpg,0.0,0.0,0.99,0.0,0.0,0.0,0.0,0.0,1
img_05872.jpg,0.0,0.0,0.0,0.0,0.0,0.0,0.99,0.0,1
img_07019.jpg,0.0,0.0,0.0,0.0,0.0,0.99,0.0,0.0,1
img_00332.jpg,0.0,0.0,0.0,0.0,0.0,0.99,0.0,0.0,1
img_05082.jpg,0.0,0.0,0.0,0.0,0.0,0.99,0.0,0.0,1
img_04710.jpg,0.0,0.0,0.0,0.0,0.0,0.0,0.99,0.0,1
img_06595.jpg,0.0,0.0,0.0,0.0,0.0,0.0,0.99,0.0,1
img_06590.jpg,0.0,0.0,0.0,0.0,0.0,0.0,0.99,0.0,1
img_01668.jpg,0.0,0.99,0.0,0.0,0.0,0.0,0.0,0.0,1
img_07916.jpg,0.0,0.0,0.0,0.0,0.0,0.99,0.0,0.0,1
img_07770.jpg,0.0,0.0,0.0,0.0,0.0,0.99,0.0,0.0,1
img_02206.jpg,0.0,0.99,0.0,0.0,0.0,0.0,0.0,0.0,1
img_04048.jpg,0.0,0.99,0.0,0.0,0.0,0.0,0.0,0.0,1
img_01915.jpg,0.0,0.99,0.0,0.0,0.0,0.0,0.0,0.0,1
img_06385.jpg,0.0,0.0,0.0,0.0,0.0,0.0,0.99,0.0,1
img_06821.jpg,0.0,0.0,0.0,0.0,0.0,0.0,0.99,0.0,1
img_04414.jpg,0.0,0.0,0.0,0.99,0.0,0.0,0.0,0.0,1
img_07279.jpg,0.0,0.0,0.0,0.0,0.0,0.99,0.0,0.0,1
img_00305.jpg,0.0,0.0,0.0,0.0,0.0,0.99,0.0,0.0,1
img_05658.jpg,0.0,0.99,0.0,0.0,0.0,0.0,0.0,0.0,1
img_04732.jpg,0.0,0.99,0.0,0.0,0.0,0.0,0.0,0.0,1
img_02553.jpg,0.0,0.99,0.0,0.0,0.0,0.0,0.0,0.0,1
img_01572.jpg,0.0,0.0,0.0,0.0,0.0,0.0,0.99,0.0,1
img_04072.jpg,0.0,0.0,0.0,0.0,0.0,0.99,0.0,0.0,1
img_04314.jpg,0.0,0.0,0.99,0.0,0.0,0.0,0.0,0.0,1
img_00259.jpg,0.0,0.99,0.0,0.0,0.0,0.0,0.0,0.0,1
img_05974.jpg,0.0,0.99,0.0,0.0,0.0,0.0,0.0,0.0,1
img_00601.jpg,0.0,0.99,0.0,0.0,0.0,0.0,0.0,0.0,1
img_02407.jpg,0.0,0.0,0.0,0.0,0.0,0.99,0.0,0.0,1
img_05310.jpg,0.0,0.0,0.0,0.0,0.0,0.99,0.0,0.0,1
img_01648.jpg,0.0,0.0,0.0,0.0,0.0,0.99,0.0,0.0,1
img_02953.jpg,0.0,0.0,0.99,0.0,0.0,0.0,0.0,0.0,1
img_04170.jpg,0.0,0.0,0.0,0.0,0.0,0.0,0.99,0.0,1
img_06956.jpg,0.0,0.0,0.0,0.0,0.0,0.0,0.99,0.0,1
img_06862.jpg,0.0,0.99,0.0,0.0,0.0,0.0,0.0,0.0,1
img_01807.jpg,0.0,0.0,0.0,0.0,0.0,0.99,0.0,0.0,1
img_06204.jpg,0.0,0.0,0.99,0.0,0.0,0.0,0.0,0.0,1
img_06818.jpg,0.0,0.0,0.0,0.0,0.0,0.99,0.0,0.0,1
img_01307.jpg,0.0,0.0,0.0,0.0,0.0,0.0,0.99,0.0,1
img_01350.jpg,0.0,0.99,0.0,0.0,0.0,0.0,0.0,0.0,1
img_02288.jpg,0.0,0.0,0.0,0.0,0.0,0.0,0.99,0.0,1
img_00379.jpg,0.0,0.99,0.0,0.0,0.0,0.0,0.0,0.0,1
img_07266.jpg,0.0,0.0,0.0,0.0,0.0,0.99,0.0,0.0,1
img_04042.jpg,0.0,0.99,0.0,0.0,0.0,0.0,0.0,0.0,1
